uni,uni_stock,fba,fba_stock,fbf,fbf_stock,sjit,sjit_stock
BL6197GREEN0426-XL,12,uni,0,pASTE hERE :-,0,JOPLVSRW4147-S,10
BL6197GREEN0426-XXL,11,JOPLVL213-3XL,2,JOPLJPR518-XXL,10,JOPLST736-L,1
BL6197MAROON0426-XL,10,JOPLJPR68D-4XL,4,JOPLST243-4XL,26,JOPLLTRW2007-5XL,15
BL6197MAROON0426-XXL,9,JOPLJPR68D-3XL,2,JOPLST243-XXL,23,JOPLST218-L,131
BL6197PINK0426-XL,10,JOPLPDPRW1058-4XL,50,JOPLST218-L,6,JOPLLTRW2015-9XL,3
BL6197PINK0426-XXL,4,JOPLPDPRW1058-3XL,35,JOPLST243-3XL,9,JOPLVSRW4005-8XL,17
BL6197RED0426-XL,10,JOPLJPR89-4XL,6,JOPLLTRW2017-M,41,JOPLJPR342-M,1
BL6197RED0426-XXL,10,JOPLJPR69C-4XL,7,JOPLJPR10-XXL,6,JOPLVSRW4292-4XL,12
BL6197WHITE0426-XL,11,JOPLJPR85-4XL,2,JOPLLTRW2017-3XL,23,JOPLJPR740-XL,3
BL6197WHITE0426-XXL,10,JOPLJPR44-XL,138,JOPLST218-XXL,0,JOPLLTRW2017-3XL,58
BL6207BLUE0426-XL,9,JOPLVL238-S,16,JOPLPDPRW1058-4XL,79,JOPLJPR752-M,2
BL6207BLUE0426-XXL,10,JOPLJPR68A-3XL,1,JOPLPDPRW1058-M,44,JOPLVSRW4292-9XL,2
BL6207BROWN0426-XL,10,JOPLPDPRW1058-S,8,JOPLVSMRW3988-XXL,61,JOPLST242-6XL,10
BL6207BROWN0426-XXL,10,JOPLJPR801-3XL,3,JOPLVSRW4005-3XL,40,JOPLLTRW2017-M,1
BL6207GREEN0426-XL,10,JOPLVL214-4XL,1,JOPLPDPRW1058-S,33,JOPLVSRW4147-7XL,6
BL6207GREEN0426-XXL,10,JOPLVL214-M,6,JOPLVSMRW3988-6XL,10,JOPLST735-XXL,1
BL6207MAROON0426-XL,10,JOPLVL218-L,7,JOPLLTRW2017-XL,33,JOPLPDPRW1058-M,14
BL6207MAROON0426-XXL,10,JOPLVL218-M,6,JOPLVSMRW3988-M,96,JOPLST734-S,3
BL6207PINK0426-XL,10,JOPLVL218-S,4,JOPLLTRW2015-M,0,JOPLJPR43-L,13
BL6207PINK0426-XXL,10,JOPLVL241A-M,6,JOPLLTRW2015-XXL,34,JOPLPDPRW1058-3XL,39
BL6207RED0426-XL,10,JOPLVL241A-L,1,JOPLPDPRW1058-XXL,11,JOPLLTRW2007-4XL,21
BL6207RED0426-XXL,10,JOPLVL245-S,1,JOPLVL212-M,0,JOPLST201-XL,15
BL6207ROSEPINK0426-XL,7,JOPLVL245-L,2,JOPLJPR10-L,6,JOPLST218-XXL,49
BL6207ROSEPINK0426-XXL,13,JOPLVL241A-XL,12,JOPLST243-L,8,JOPLVL245-XL,17
BL6207WHITE0426-XL,10,JOPLVL244-M,2,JOPLPDPRW1058-3XL,30,JOPLJPR786-M,2
BL6207WHITE0426-XXL,10,JOPLVL245-M,16,JOPLJPR518-L,0,JOPLJPR742-M,26
BL6207WINE0426-XL,10,JOPLVL241A-XXL,2,JOPLVSMRW3988-XL,93,JOPLJPR801-S,2
BL6207WINE0426-XXL,10,JOPLVL245-XL,8,JOPLVSMRW3988-L,67,JOPLVL212-M,7
BL6208GREEN0426-XL,10,JOPLVL248-S,3,JOPLVSRW4147-4XL,18,JOPLVSRW5204-5XL,2
BL6208GREEN0426-XXL,7,JOPLVSMRW3988-4XL,3,JOPLVSRW4147-S,1,JOPLVSRW5209-M,1
BL6208MAROON0426-XL,3,JOPLVSMRW3988-3XL,6,JOPLPDPRW1058-6XL,18,JOPLLTRW2015-8XL,19
BL6208MAROON0426-XXL,9,JOPLJPR44-5XL,51,JOPLLTRW2017-L,3,JOPLLTRW2015-4XL,34
BL6208PISTA0426-XL,10,JOPLPDPRW1058-6XL,89,JOPLPDPRW1058-L,67,JOPLST243-3XL,1
BL6208PISTA0426-XXL,9,JOPLPDPRW1058-XXL,25,JOPLPDPRW1058-7XL,17,JOPLJPR350-XL,1
BL6208PURPLE0426-XL,5,JOPLPDP1058,38,JOPLPDPRW1058-XL,132,JOPLST218-4XL,39
BL6208PURPLE0426-XXL,10,JOPLVL263-M,1,JOPLST243-XL,23,JOPLST218-S,39
BL6208RED0426-XL,10,JOPLJPR43-5XL,0,JOPLVSRW4292-XXL,9,JOPLLTRW2015-XL,36
BL6208RED0426-XXL,3,JOPLJPR820B-S,0,JOPLLTRW2015-XL,29,JOPLJPR740-XS,17
BL6208WHITE0426-XL,12,JOPLJPR83-5XL,1,JOPLVSMRW3988-4XL,17,JOPLLTRW2015-6XL,15
BL6208WHITE0426-XXL,6,JOPLJPR801-5XL,16,JOPLST243-S,4,JOPLST243-M,1
BL6208YELLOW0426-XL,3,JOPLVL288-S,1,JOPLVSMRW3988-3XL,9,JOPLVSMRW4250-XL,18
BL6208YELLOW0426-XXL,7,JOPLVL288-M,6,JOPLVSRW5172-XL,11,JOPLJPR757-S,13
BL6213BEIGE0426-XL,10,JOPLVL286-XL,1,JOPLLTRW2015-3XL,26,JOPLLTRW2015-10XL,13
BL6213BEIGE0426-XXL,10,JOPLVL288-L,2,JOPLVSRW4005-4XL,44,JOPLJPR706-L,3
BL6213BLACK0426-XL,10,JOPLJPR10-XXL,5,JOPLVSRW4147-XXL,28,JOPLJPR4030-XXL,2
BL6213BLACK0426-XXL,10,JOPLVL213X-XXL,5,JOPLPDPRW1058-5XL,20,JOPLVSRW4292-XXL,4
BL6213BROWN0426-XL,10,JOPLJPR43-XXL,34,JOPLLTRW2017-4XL,21,JOPLJPR708-S,1
BL6213BROWN0426-XXL,10,JOPLJPR89-XXL,2,JOPLVSRW5202-4XL,3,JOPLVSRW4147-5XL,27
BL6213GREEN0426-XL,10,JOPLJPR750-S,2,JOPLVSRW4147-5XL,22,JOPLJPR742-L,30
BL6213GREEN0426-XXL,10,JOPLJPR750-XXL,4,JOPLVSMRW3988-S,13,JOPLVSRW4147-4XL,66
BL6213MAROON0426-XL,10,JOPLJPR786-XL,11,JOPLVSRW4292-M,5,JOPLJPR783-XS,1
BL6213MAROON0426-XXL,10,JOPLJPR786-XXL,2,JOPLVSRW4147-L,17,JOPLLTRW2017-9XL,30
BL6213PEACH0426-XL,10,JOPLJPR786-M,1,JOPLST218-XL,17,JOPLVSRW5163-5XL,1
BL6213PEACH0426-XXL,10,JOPLVSMRW4284-10XL,1,JOPLVSRW5172-M,9,JOPLJPR341-XXL,1
BL6213PINK0426-XL,10,JOPLVSRW5193-3XL,20,JOPLST243-5XL,15,JOPLLTRW2018-L,6
BL6213PINK0426-XXL,10,JOPLVSRW5193-4XL,4,JOPLST218-4XL,0,JOPLLTRW2016-4XL,3
BL6213RED0426-XL,10,JOPLVSRW5193-L,1,JOPLVSRW4147-M,10,JOPLVSRW4147-XL,11
BL6213RED0426-XXL,10,JOPLVSRW5193-S,7,JOPLJPR10-XL,17,JOPLPDPRW1058-XL,43
BL6213ROSEPINK0426-XL,10,JOPLVSRW5193-9XL,3,JOPLST218-3XL,0,JOPLJPR778-XS,1
BL6213ROSEPINK0426-XXL,10,JOPLST703-S,29,JOPLVSRW5202-XXL,1,JOPLVSRW4147-3XL,64
BL6213TEAL0426-XL,10,JOPLST703-XL,21,JOPLLTRW2007-L,3,JOPLJPR342-XXL,1
BL6213TEAL0426-XXL,10,JOPLST703-3XL,5,JOPLLTRW2015-L,14,JOPLPDPRW1058-4XL,8
BL6213WHITE0426-XL,10,JOPLST703-XXL,18,JOPLVSMRW5160-5XL,0,JOPLVSMRW4250-8XL,20
BL6213WHITE0426-XXL,10,JOPLST218-S,9,JOPLVSRW5172-XXL,38,JOPLLTRW2017-XXL,14
BL6213WINE0426-XL,10,JOPLST218-L,20,JOPLPDPRW1006-XXL,8,JOPLVSMRW4250-XXL,51
BL6213WINE0426-XXL,10,JOPLST218-XXL,30,JOPLST268-XL,0,JOPLST218-3XL,91
ERT-EH-CONDITIONER-100ML,5,JOPLST258-L,1,JOPLLTRW2017-XXL,63,JOPLVSRW4147-8XL,11
ERT-EH-CONDITIONER-200ML,5,JOPLST218-XL,77,JOPLST270-L,2,JOPLLTRW2017-10XL,23
ERT-EH-SHAMPOO-100ML,5,JOPLST218-M,23,JOPLVSMRW3988-5XL,6,JOPLPDPRW1006-6XL,1
ERT-EH-SHAMPOO-200ML,5,JOPLRJN17-XL,2,JOPLPDPRW1006-XL,1,JOPLJPR43-XL,10
ERT-ESE-HAIROIL-50ML,5,JOPLJPR4019-L,1,JOPLST243-6XL,7,JOPLLTRW2017-7XL,29
ERT-LMFBC-BODYLOTION-100ML,5,JOPLST716-XL,1,JOPLLTRW2007-XL,4,JOPLST703-L,4
ERT-LMFBC-BODYLOTION-200ML,5,JOPLJPR4021-XXL,0,JOPLVSRW4292-7XL,2,JOPLVSMRW4277-6XL,1
ERT-LMFBC-SHOWERGEL-100ML,5,JOPLJPR216-3XL,11,JOPLJPR10-S,2,JOPLJPR346-XS,2
ERT-LMFBC-SHOWERGEL-200ML,5,JOPLDI1062,1,JOPLLTRW2007-3XL,0,JOPLLTRW2015-5XL,11
ERT-SL-HAIRSERUM-50ML,5,JOPLDI1072,4,JOPLLTRW2017-S,12,JOPLST242-5XL,19
ERT-VAD-CONDITIONER-100ML,5,JOPLST712-XL,4,JOPLVSRW4005-5XL,22,JOPLPDPRW1058-S,40
ERT-VAD-CONDITIONER-200ML,4,JOPLJPR783-XL,3,JOPLVSRW4147-3XL,19,JOPLJPR518-S,1
ERT-VAD-SHAMPOO-100ML,5,JOPLST243-3XL,2,JOPLVSRW4147-7XL,6,JOPLVSMRW3988-S,4
ERT-VAD-SHAMPOO-200ML,5,JOPLST738-XL,1,JOPLVSRW4147-XL,14,JOPLVSRW5204-6XL,3
ERT-WBC-SHOWERGEL-100ML,5,JOPLVSRW5193-XL,10,JOPLVSM4005J,6,JOPLVSRW1163-L,1
ERT-WBC-SHOWERGEL-200ML,5,JOPLJPR43-L,21,JOPLVSRW1163-6XL,1,JOPLVSMRW4250-3XL,19
ERT-WBL-BODYLOTION-100ML,5,JOPLST218-5XL,4,JOPLVSMRW4250-M,1,JOPLVSRW4147-9XL,1
ERT-WBL-BODYLOTION-200ML,5,JOPLVSRW5203-4XL,3,JOPLVSRW4002-XXL,10,JOPLVL241-XXL,1
JOPLAI1001D,625,JOPLVSRW5202-6XL,10,JOPLJPR801X-4XL,0,JOPLST202-XXL,1
JOPLANG3010,173,JOPLVSRW5204-XL,2,JOPLVL214-XXL,1,JOPLST201-XXL,13
JOPLANG5010,9,JOPLST218-6XL,43,JOPLDI1062,1,JOPLVSRW4005-XXL,23
JOPLCS101-XS,1,JOPLJPR68C-4XL,1,JOPLVL245-XXL,7,JOPLLTRW2013-L,7
JOPLCS102-L,1,JOPLST218-3XL,25,JOPLVSRW4002-S,3,JOPLVSRW4114-3XL,1
JOPLCS102-S,2,JOPLJPR43-6XL,4,JOPLANG3010,1,JOPLVSRW5204-3XL,3
JOPLCS102-XS,9,JOPLVSRW5204-4XL,1,JOPLVSRW4031-M,3,JOPLVSRW4005-XL,1
JOPLCS104-M,1,JOPLST218-4XL,4,JOPLST218-M,4,JOPLVSRW4147-10XL,6
JOPLCS104-S,1,JOPLVSRW5202-XL,37,JOPLVL218-XXL,2,JOPLST218-M,49
JOPLCS104-XL,2,JOPLVSRW5205-L,2,JOPLJPR312-S,1,JOPLJPR332-XL,2
JOPLCS104-XS,4,JOPLVSRW5204-5XL,1,JOPLJPR519-L,0,JOPLLT2018,9
JOPLCS104-XXL,7,JOPLVSRW5206-M,4,JOPLVSRW4093-XXL,3,JOPLST218-XL,73
JOPLCS105-XS,5,JOPLVSRW5202-5XL,19,JOPLVSRW4002-4XL,2,JOPLLTRW2017-L,7
JOPLCS106-XS,1,JOPLVSRW5202-4XL,35,JOPLJPR69C-3XL,2,JOPLVSMRW4277-XXL,1
JOPLCS107-L,23,JOPLVSRW5202-S,31,JOPLJPR68D-XXL,2,JOPLLTRW2016-M,6
JOPLCS107-M,28,JOPLVSRW5204-S,3,JOPLJPR68A-S,1,JOPLVSRW4082-XL,1
JOPLCS107-S,10,JOPLJPR44-M,77,JOPLJPR43-XL,3,JOPLLTRW2017-XL,37
JOPLCS107-XL,12,JOPLVSRW5206-S,1,JOPLJPR83-6XL,4,JOPLJPR783-XL,1
JOPLCS107-XS,22,JOPLVSRW5202-M,29,JOPLJPR69A-6XL,1,JOPLJPR43-M,35
JOPLCS107-XXL,30,JOPLST263-S,2,JOPLVSRW5213-S,0,JOPLVSRW4005-10XL,27
JOPLCS108-L,36,JOPLVSRW5206-4XL,1,JOPLJPR68A-3XL,1,JOPLLTRW2016-6XL,3
JOPLCS108-M,19,JOPLVSRW5206-XL,4,JOPLJPR794-L,4,JOPLJPR757-M,20
JOPLCS108-S,32,JOPLVSRW5202-3XL,25,JOPLJPR68D-S,0,JOPLVSRW5206-3XL,2
JOPLCS108-XL,32,JOPLVSRW5207-S,6,JOPLVSRW5215-3XL,3,JOPLVSRW4082-5XL,9
JOPLCS108-XS,36,JOPLVSMRW3988-9XL,4,JOPLJPR707-XL,0,JOPLJPR836-XXL,3
JOPLCS108-XXL,56,JOPLVSMRW4250-8XL,1,JOPLVSRW4093-L,1,JOPLJPR730-XS,3
JOPLCS109-L,23,JOPLVSRW4005-3XL,6,JOPLVSRW4093-XL,1,JOPLJPR85-M,1
JOPLCS109-M,16,JOPLLTRW2017-3XL,25,JOPLVSRW5204-S,3,JOPLVSRW4005-5XL,26
JOPLCS109-S,28,JOPLVSMRW5156-8XL,1,JOPLJPR515-XXL,5,JOPLJPR89-3XL,7
JOPLCS109-XL,10,JOPLLTRW2017-9XL,9,JOPLJPR747-S,2,JOPLJPR69B-XL,1
JOPLCS109-XS,21,JOPLLTRW2017-10XL,7,JOPLJPR69B-3XL,2,JOPLJPR353-L,1
JOPLCS109-XXL,26,JOPLVSRW4292-XXL,6,JOPLLTRW2016-M,0,JOPLVSMRW4276-XXL,1
JOPLCS110-L,9,JOPLVSMRW5156-4XL,2,JOPLVSRW4002-M,3,JOPLVSRW4031-6XL,6
JOPLCS110-M,3,JOPLLTRW2015-XXL,8,JOPLVSRW4114-5XL,4,JOPLVSRW4292-5XL,12
JOPLCS110-S,22,JOPLLTRW2017-6XL,11,JOPLVSRW5172-4XL,0,JOPLJPR713-L,16
JOPLCS110-XL,9,JOPLVSRW4005-10XL,2,JOPLVL218-XL,5,JOPLVL245-XXL,5
JOPLCS110-XS,18,JOPLVSRW4292-3XL,6,JOPLVSRW4114-L,1,JOPLVL218-XL,3
JOPLCS110-XXL,14,JOPLLTRW2015-6XL,1,JOPLVSRW4088-8XL,1,JOPLST269-L,1
JOPLCS111-L,27,JOPLLTRW2017-7XL,13,JOPLVSMRW5156-S,8,JOPLVSMRW4250-4XL,3
JOPLCS111-M,23,JOPLVSMRW3988-XXL,11,JOPLVSMRW5160-M,13,JOPLJPR10-L,5
JOPLCS111-S,45,JOPLLTRW2015-10XL,1,JOPLST218-S,1,JOPLJPR69B-M,26
JOPLCS111-XL,19,JOPLLTRW2017-XXL,16,JOPLST269-L,57,JOPLJPR311-L,1
JOPLCS111-XS,40,JOPLPDPRW1058-7XL,4,JOPLLTRW2018-5XL,0,JOPLJPR344-XS,1
JOPLCS111-XXL,28,JOPLVSRW4005-9XL,5,JOPLVSRW4031-6XL,1,JOPLJPR762-XL,6
JOPLCS112-L,23,JOPLVSRW4147-XXL,30,JOPLVSRW5213-4XL,3,JOPLVSRW4005-7XL,8
JOPLCS112-M,4,JOPLVSRW4005-6XL,5,JOPLVSRW5217-XL,6,JOPLVSRW4005-3XL,26
JOPLCS112-S,5,JOPLVSRW4147-10XL,6,JOPLVSRW4005-XXL,2,JOPLVSRW4005-L,4
JOPLCS112-XL,21,JOPLJPR308-XXL,1,JOPLVSRW5211-4XL,8,JOPLLTRW2007-M,2
JOPLCS112-XS,19,JOPLVSRW4114-3XL,17,JOPLVSRW5193-XXL,4,JOPLVSRW1013-9XL,2
JOPLCS112-XXL,29,JOPLPDPRW1006-XXL,8,JOPLVSM5111,7,JOPLPDPRW1058-XXL,56
JOPLCS113-L,35,JOPLLTRW2007-4XL,2,JOPLPDPRW1006-4XL,7,JOPLJPR818-3XL,1
JOPLCS113-S,44,JOPLVSRW4079-XXL,5,JOPLVSRW4292-XL,9,JOPLVSRW4292-10XL,2
JOPLCS113-XL,39,JOPLVSRW4114-XXL,8,JOPLJPR801X-5XL,3,JOPLJPR215-M,1
JOPLCS113-XS,37,JOPLVSRW4096-XXL,15,JOPLVSRW4097-XL,5,JOPLRJN17-S,3
JOPLCS113-XXL,30,Not Found,18,JOPLVSMRW4250-XXL,2,JOPLVL241-S,1
JOPLDI1015,1,JOPLVSMRW5160-XXL,6,JOPLVSRW4292-L,3,JOPLVSMRW4250-S,2
JOPLDI1017,4,JOPLVSRW4114-6XL,1,JOPLVSMRW5156-4XL,5,JOPLJPR713-XXL,2
JOPLDI1019,3,JOPLLTRW2016-6XL,1,JOPLVSRW4005-7XL,23,JOPLST237-S,1
JOPLDI1020,4,JOPLVL218-XXL,4,JOPLVSRW4093-4XL,1,JOPLJPR43-6XL,11
JOPLDI1021,120,JOPLVL213X-5XL,2,JOPLVSRW5217-3XL,0,JOPLJPR89-S,1
JOPLDI1022,56,JOPLVL281-XXL,1,JOPLLTRW2007-7XL,0,JOPLVSRW4088-5XL,2
JOPLDI1024,51,JOPLVL285-S,1,JOPLVSRW5215-XXL,0,JOPLVSRW4147-6XL,23
JOPLDI1025,40,JOPLVL213-5XL,6,JOPLVSRW5193-XL,1,JOPLLTRW2015-S,1
JOPLDI1026,14,JOPLVL310-XL,4,JOPLVSMRW5149-4XL,4,JOPLJPR43-4XL,48
JOPLDI1028,11,JOPLVL310-S,1,JOPLVSM4093,12,JOPLJPR868-M,1
JOPLDI1031,1,JOPLVL310-M,8,JOPLVSRW4005-6XL,1,JOPLVSRW5220-4XL,3
JOPLDI1032,76,JOPLVL310-L,4,JOPLVSM4071,1,JOPLST703-XL,4
JOPLDI1033,16,JOPLVL310-XXL,11,JOPLST218-6XL,0,JOPLJPR43-XXL,41
JOPLDI1036,1,JOPLVSM5112,11,JOPLLTRW2015-6XL,4,JOPLJPR716-S,14
JOPLDI1040,2,JOPLVL288-XXL,1,JOPLVSRW5206-L,1,JOPLLTRW2017-4XL,87
JOPLDI1045,70,JOPLVL212-XXL,5,JOPLJPR707-S,3,JOPLJPR818-L,1
JOPLDI1048,2,JOPLJPR69D-XXL,2,JOPLVSMRW5156-7XL,1,JOPLLTRW2007-3XL,10
JOPLDI1053,2,JOPLVL224-6XL,1,JOPLVSMRW4250-4XL,0,JOPLJPR515-M,1
JOPLDI1062,1,JOPLVL224-XXL,2,JOPLVSRW5193-S,1,JOPLRJN16-S,6
JOPLDI1063,1,JOPLJPR83-4XL,2,JOPLVSRW5217-XXL,8,JOPLJPR714-XXL,1
JOPLDI1064,2,JOPLJPR69A-3XL,1,JOPLVSMRW5149-L,0,JOPLST218-5XL,44
JOPLJPR02-M,1,JOPLVL245-XXL,1,JOPLST270-XXL,10,JOPLJPR311-XS,2
JOPLJPR09-S,12,JOPLJPR69A-6XL,2,JOPLLTRW2016-3XL,2,JOPLVSRW5204-4XL,3
JOPLJPR102-L,3,JOPLJPR68C-3XL,3,JOPLLTRW2017-5XL,16,JOPLLTRW2016-XXL,3
JOPLJPR102-XL,1,JOPLVL241A-5XL,5,JOPLVSRW4082-7XL,1,JOPLLTRW2017-6XL,58
JOPLJPR105-3XL,2,JOPLVSMRW3988-6XL,28,JOPLVSRW5202-S,3,JOPLJPR10-M,1
JOPLJPR105-M,1,JOPLJPR709-XXL,19,JOPLJPR707-M,0,JOPLJPR344-XXL,1
JOPLJPR105-XL,2,JOPLJPR706-L,6,JOPLVSRW5219-XL,0,JOPLST218-6XL,2
JOPLJPR107-S,2,JOPLJPR707-S,2,JOPLVSRW5202-L,0,JOPLLTRW2015-3XL,14
JOPLJPR108-L,1,JOPLJPR705-L,5,JOPLVSRW4097-XXL,1,JOPLRJN17-L,2
JOPLJPR108-S,4,JOPLJPR705-M,3,JOPLVSMRW5156-3XL,0,JOPLLTRW2015-L,3
JOPLJPR108-XL,8,JOPLJPR705-S,1,JOPLVSRW5216-XL,0,JOPLVSRW4286-6XL,3
JOPLJPR109-L,1,JOPLJPR705-XXL,10,JOPLLTRW2018-M,10,JOPLVL218-M,1
JOPLJPR109-M,2,JOPLVSMRW4250-XXL,3,JOPLVSRW5207-XL,0,JOPLVSMRW3988-4XL,5
JOPLJPR109-XL,3,JOPLVSMRW4250-4XL,1,JOPLST268-M,3,JOPLST240-XXL,1
JOPLJPR10-XL,1,JOPLVSMRW4250-S,3,JOPLLTRW2017-6XL,12,JOPLJPR742-XXL,16
JOPLJPR10-XXL,30,JOPLJPR711-S,4,JOPLVSMRW4281-4XL,4,JOPLRJN16-M,3
JOPLJPR111-3XL,1,JOPLJPR706-XL,50,JOPLVSRW5215-M,3,JOPLVSRW4292-3XL,7
JOPLJPR111-L,4,JOPLJPR708-XS,1,JOPLLTRW2007-4XL,1,JOPLST242-XXL,2
JOPLJPR111-M,1,JOPLJPR706-S,10,JOPLST269-XXL,37,JOPLJPR346-XL,1
JOPLJPR111-XL,1,JOPLJPR706-M,35,JOPLVSMRW4250-3XL,1,JOPLJPR740-L,4
JOPLJPR111-XXL,2,JOPLJPR707-XXL,5,JOPLLTRW2007-5XL,1,JOPLPDPRW1006-9XL,2
JOPLJPR112-S,2,JOPLJPR709-XS,1,JOPLST269-M,26,JOPLST240-M,2
JOPLJPR112-XXL,2,JOPLJPR711-XL,15,JOPLVSRW5212-S,8,JOPLVSMRW3988-XXL,3
JOPLJPR114-XXL,2,JOPLJPR707-L,2,JOPLLTRW2015-4XL,8,JOPLVL212-S,1
JOPLJPR118-XXL,2,JOPLJPR706-XXL,1,JOPLVSRW4002-3XL,3,JOPLJPR713-S,14
JOPLJPR124-3XL,6,JOPLJPR707-XL,2,JOPLST269-XL,13,JOPLST14-M,7
JOPLJPR132-S,1,JOPLJPR708-L,1,JOPLVSMRW4281-3XL,1,JOPLST14-XXL,4
JOPLJPR132-XL,3,JOPLJPR709-L,12,JOPLJPR794-XXL,2,JOPLJPR753-XS,4
JOPLJPR132-XXL,2,JOPLJPR703-XS,1,JOPLVSMRW5156-6XL,0,JOPLST243-S,24
JOPLJPR133-S,4,JOPLDI1025,1,JOPLVSRW4031-XL,10,JOPLJPR43-3XL,13
JOPLJPR135-M,1,JOPLDI1020,2,JOPLST242-5XL,0,JOPLVSRW5202-M,5
JOPLJPR136-S,1,JOPLDI1024,19,JOPLVSRW4097-M,1,JOPLVSRW5206-5XL,2
JOPLJPR138-L,184,JOPLJPR718-XL,3,JOPLVSRW5171-M,1,JOPLJPR773-XL,2
JOPLJPR138-M,59,JOPLJPR718-XS,1,JOPLLTRW2016-S,8,JOPLVSRW4005-6XL,42
JOPLJPR138-S,251,JOPLVSMRW4281-M,2,JOPLJPR325-XL,0,JOPLVSRW4290-5XL,2
JOPLJPR138-XL,64,JOPLJPR718-M,5,JOPLJPR68A-L,1,JOPLVL218-S,1
JOPLJPR138-XXL,58,JOPLJPR718-S,1,JOPLDI1020,1,JOPLJPR347-XS,1
JOPLJPR139-L,1,JOPLJPR713-XXL,9,JOPLJPR325-XXL,6,JOPLST243-XXL,2
JOPLJPR139-M,5,JOPLJPR304-XXL,2,JOPLVSRW4290-M,3,JOPLLTRW2016-S,1
JOPLJPR139-S,8,JOPLLTRW2007-XXL,11,JOPLVSRW5172-3XL,0,JOPLVSMRW4250-5XL,6
JOPLJPR139-XL,1,JOPLJPR307-XL,2,JOPLVSMRW5149-S,7,JOPLJPR346-S,1
JOPLJPR139-XXL,3,JOPLJPR307-L,3,JOPLST269-S,37,JOPLST202-XL,2
JOPLJPR13-M,2,JOPLLTRW2007-M,4,JOPLVSMRW4250-6XL,1,JOPLVSMRW4250-6XL,30
JOPLJPR13-S,1,JOPLJPR301-XL,2,JOPLVSRW4290-L,0,JOPLST242-M,2
JOPLJPR13-XL,6,JOPLLTRW2007-XL,2,JOPLVSMRW5160-L,3,JOPLJPR109-XXL,1
JOPLJPR140-L,9,JOPLST02-XL,1,JOPLVSRW5218-6XL,1,JOPLJPR713-XL,8
JOPLJPR140-S,26,JOPLST07-L,1,JOPLVSRW4286-S,0,JOPLST11-S,1
JOPLJPR140-XL,10,JOPLJPR839-XXL,1,JOPLVSRW4002-L,0,JOPLLTRW2017-8XL,7
JOPLJPR140-XXL,6,JOPLJPR714-L,1,JOPLVSMRW3988-7XL,0,JOPLLTRW2018-6XL,1
JOPLJPR141-S,1,JOPLJPR714-S,0,JOPLVSRW5172-L,2,JOPLJPR89-L,1
JOPLJPR141-XL,1,JOPLJPR714-XXL,3,JOPLLTRW2007-M,2,JOPLLTRW2017-5XL,61
JOPLJPR141-XS,9,JOPLJPR714-M,3,JOPLLTRW2016-L,0,JOPLVSRW4088-3XL,3
JOPLJPR142-L,2,JOPLJPR714-XL,40,JOPLVSMRW4281-M,1,JOPLJPR43-5XL,20
JOPLJPR142-M,5,JOPLJPR714-XS,24,JOPLVSRW5171-7XL,4,JOPLLTRW2007-6XL,2
JOPLJPR142-S,12,JOPLLTRW2017-XL,18,JOPLVSMRW5160-XXL,0,JOPLJPR786-XXL,1
JOPLJPR142-XL,3,JOPLLTRW2017-M,47,JOPLLTRW2007-6XL,9,JOPLVSRW5202-4XL,1
JOPLJPR142-XS,17,JOPLLTRW2017-L,16,JOPLVSRW5193-M,4,JOPLLTRW2018-3XL,1
JOPLJPR144-L,49,JOPLLTRW2017-4XL,13,JOPLPDPRW1006-3XL,3,JOPLVSMRW4002J-3XL,1
JOPLJPR144-M,44,JOPLLTRW2016-S,7,JOPLLTRW2016-4XL,0,JOPLVSRW4031-4XL,1
JOPLJPR144-S,58,JOPLLTRW2015-L,1,JOPLJPR711-L,0,JOPLST269-XXL,1
JOPLJPR144-XL,27,JOPLLTRW2015-M,2,JOPLJPR794-S,2,JOPLJPR706-XXL,1
JOPLJPR144-XXL,31,JOPLLTRW2015-5XL,3,JOPLST243-M,10,JOPLST201-S,4
JOPLJPR147A-S,5,JOPLJPR716-M,1,JOPLVSMRW4281-5XL,0,JOPLJPR708-L,1
JOPLJPR148C-S,1,JOPLLTRW2015-3XL,2,JOPLST268-S,0,JOPLJPR69C-4XL,3
JOPLJPR148C-XL,1,JOPLLTRW2018-XL,5,JOPLVSRW4286-M,6,JOPLJPR762-XXL,1
JOPLJPR149-L,1,JOPLLTRW2018-M,4,JOPLJPR69C-M,6,JOPLJPR763-S,4
JOPLJPR149-S,3,JOPLLTRW2017-5XL,15,JOPLJPR68A-XL,1,JOPLVSMRW4250-L,2
JOPLJPR150A-S,13,JOPLVSM4281,5,JOPLLTRW2015-S,0,JOPLVSMRW4281-S,1
JOPLJPR150A-XL,4,JOPLJPR716-XXL,2,JOPLVSRW4031-3XL,0,JOPLJPR44-XXL,1
JOPLJPR150B-L,22,JOPLJPR716-XS,1,JOPLDI1032,1,JOPLJPR4034-M,2
JOPLJPR150B-M,5,JOPLVSMRW4285-3XL,1,JOPLVL218-M,4,JOPLVSRW4147-L,18
JOPLJPR150B-S,32,JOPLVL310-5XL,3,JOPLVSMRW5160-S,0,JOPLVSRW5207-S,2
JOPLJPR150B-XL,24,JOPLVL310-3XL,10,JOPLVSRW5213-XL,1,JOPLJPR750-XXL,10
JOPLJPR150B-XXL,18,JOPLJPR728-S,1,JOPLDI1052,6,JOPLJPR713-M,10
JOPLJPR150C-L,40,JOPLST201-XL,16,JOPLJPR801X-3XL,1,JOPLVSRW4286-L,3
JOPLJPR150C-M,32,JOPLVSMRW5149-L,1,JOPLVSM4250,1,JOPLPDPRW1058-8XL,1
JOPLJPR150C-S,36,JOPLVSMRW5156-XL,6,JOPLVSM4079,1,JOPLJPR347-XXL,2
JOPLJPR150C-XL,28,JOPLVSMRW5160-S,5,JOPLVL218-S,6,JOPLLTRW2007-10XL,1
JOPLJPR150C-XXL,8,JOPLST201-S,4,JOPLVSMRW4250-XL,1,JOPLVSRW4005-4XL,14
JOPLJPR151-L,43,JOPLST201-XXL,20,JOPLVSRW5207-5XL,0,JOPLJPR302-M,1
JOPLJPR151-M,26,JOPLST201-L,2,JOPLVSRW5207-7XL,1,JOPLJPR747-XXL,1
JOPLJPR151-S,27,JOPLVSMRW5156-XXL,2,JOPLJPR68D-3XL,2,JOPLJPR201-L,1
JOPLJPR151-XL,35,JOPLVSMRW5156-L,1,JOPLVSRW5216-S,0,JOPLVSRW4114-4XL,1
JOPLJPR151-XXL,41,JOPLST201-M,5,JOPLLTRW2017-7XL,9,JOPLVSRW4082-6XL,2
JOPLJPR152A-XL,7,JOPLVSMRW5156-6XL,10,JOPLLTRW2016-XL,1,JOPLVSMRW3988-L,4
JOPLJPR152B-L,45,JOPLVSMRW5149-4XL,3,JOPLJPR10-4XL,3,JOPLJPR43-S,3
JOPLJPR152B-M,21,JOPLVSMRW5149-S,1,JOPLVSRW4292-6XL,3,JOPLJPR745-L,1
JOPLJPR152B-S,20,JOPLPDPRW1006-M,6,JOPLVSRW5172-5XL,0,JOPLVSMRW5156-6XL,2
JOPLJPR152B-XL,48,JOPLPDPRW1006-S,2,JOPLST201-XXL,0,JOPLVSRW5205-3XL,3
JOPLJPR152B-XXL,35,JOPLJPR508-S,2,JOPLVL288-6XL,0,JOPLVSRW4031-L,1
JOPLJPR152C-S,18,JOPLJPR10-XL,2,JOPLVSRW4093-M,2,JOPLVSMRW3988-M,6
JOPLJPR153B-S,1,JOPLJPR10-L,1,JOPLVSRW5220-XXL,1,JOPLJPR751-S,2
JOPLJPR154A-S,1,JOPLJPR10-M,16,JOPLJPR755-S,1,JOPLST240-L,1
JOPLJPR155A-L,18,JOPLVSRW4005-M,27,JOPLJPR714-XS,0,JOPLLTRW2016-3XL,2
JOPLJPR155A-M,7,JOPLVSRW1164-L,3,JOPLVSMRW4250-L,1,JOPLLTRW2018-S,1
JOPLJPR155A-S,25,JOPLVSRW4288-M,9,JOPLPDPRW1006-5XL,0,JOPLJPR742-XL,32
JOPLJPR155A-XL,4,JOPLVSRW4031-XXL,13,JOPLVSRW5203-4XL,0,JOPLLTRW2018-M,1
JOPLJPR155B-L,44,JOPLVSRW4097-XL,6,JOPLVSRW4114-7XL,1,JOPLJPR841-XXL,1
JOPLJPR155B-M,26,JOPLVSRW4286-6XL,2,JOPLRP710,2,JOPLVSRW4292-8XL,1
JOPLJPR155B-S,34,JOPLVSRW4147-L,9,JOPLVSRW4292-3XL,4,JOPLJPR10-S,3
JOPLJPR155B-XL,41,JOPLVSRW4082-6XL,7,JOPLVSMRW4250-5XL,1,JOPLST242-S,1
JOPLJPR156A-L,2,JOPLVSRW4031-L,7,JOPLLTRW2007-XXL,18,JOPLST11-XL,2
JOPLJPR156A-M,3,JOPLVSRW4093-4XL,3,JOPLVSMRW4250-7XL,2,JOPLST268-L,1
JOPLJPR156A-S,12,JOPLVSRW4097-5XL,6,JOPLJPR325-S,1,JOPLJPR513-XXL,1
JOPLJPR156A-XXL,1,JOPLVSRW4097-S,2,JOPLST276-L,19,JOPLPDPRW1058-5XL,8
JOPLJPR156B-L,42,JOPLVSRW4082-S,6,JOPLVSRW4082-3XL,0,JOPLST240-S,2
JOPLJPR156B-M,28,JOPLVSRW4147-6XL,1,JOPLVSRW5202-3XL,2,JOPLJPR753-XL,1
JOPLJPR156B-S,36,JOPLVSRW4288-S,10,JOPLST268-XXL,1,JOPLVSMRW4276-L,1
JOPLJPR156B-XL,37,JOPLVSRW4005-XL,33,JOPLST270-S,12,JOPLJPR5004-XS,1
JOPLJPR156B-XXL,37,JOPLVSRW4096-L,9,JOPLST276-S,6,JOPLVSMRW5156-9XL,1
JOPLJPR157A-L,47,JOPLVSRW4114-S,8,JOPLVSRW4286-XL,0,JOPLJPR708-XS,1
JOPLJPR157A-M,32,JOPLVSRW4290-5XL,3,JOPLPDP1006-VSM4091,3,JOPLJPR89-M,3
JOPLJPR157A-S,32,JOPLVSRW4290-XL,1,JOPLJPR68D-L,0,JOPLST201-M,1
JOPLJPR157A-XL,44,JOPLVSRW4147-M,17,JOPLVSRW4082-XL,0,JOPLRJN17-XL,1
JOPLJPR157A-XXL,43,JOPLVSRW4290-M,8,JOPLVSM4096,4,JOPLPDPRW1058-6XL,1
JOPLJPR157B-M,35,JOPLVSRW4097-3XL,15,JOPLJPR10-M,1,JOPLLTRW2018-XL,1
JOPLJPR157B-S,34,JOPLVSRW4079-L,8,JOPLVL288-S,6,JOPLLTRW2007-S,2
JOPLJPR157B-XL,43,JOPLVSRW1164-5XL,2,JOPLVSRW4005-L,1,JOPLVSRW5205-S,1
JOPLJPR157B-XXL,38,JOPLVSRW4114-M,12,JOPLVSMRW5160-4XL,0,JOPLVL245-L,1
JOPLJPR158A-L,57,JOPLVSRW4093-M,5,JOPLLTRW2018-S,1,JOPLVSRW5193-9XL,1
JOPLJPR158A-M,1,JOPLVSRW4031-5XL,2,JOPLJPR740-L,0,JOPLJPR786-XS,1
JOPLJPR158A-S,35,JOPLVSRW4082-5XL,6,JOPLPDPRW1006-6XL,2,JOPLST232-S,1
JOPLJPR158A-XL,45,JOPLVSRW4288-XL,1,JOPLJPR69C-L,4,JOPLVSRW5205-XL,2
JOPLJPR158A-XXL,36,JOPLVSRW4079-XL,2,JOPLVSRW5218-M,1,JOPLJPR5004-L,1
JOPLJPR158B-S,9,JOPLVSRW4005-5XL,2,JOPLVSRW4031-5XL,2,JOPLJPR742-S,4
JOPLJPR158B-XL,5,JOPLVSRW4031-XL,1,JOPLVSRW4114-XL,2,JOPLST270-M,4
JOPLJPR158B-XXL,9,JOPLVSRW4097-6XL,3,JOPLVSRW4002-XL,2,JOPLVSMRW4267-L,1
JOPLJPR158C-L,61,JOPLVSRW4288-6XL,2,JOPLVSRW5202-M,0,JOPLJPR783-XXL,1
JOPLJPR158C-M,58,JOPLVSRW4147-4XL,28,JOPLVSRW4292-4XL,10,JOPLST271-M,6
JOPLJPR158C-S,45,JOPLVSRW1167-6XL,4,JOPLVSRW5212-XXL,7,JOPLJPR730-XXL,1
JOPLJPR158C-XL,67,JOPLVSRW1164-S,1,JOPLVSRW4031-L,0,JOPLJPR350-M,1
JOPLJPR158C-XXL,71,JOPLVSRW4093-5XL,2,JOPLVSRW4093-7XL,6,JOPLVL241-M,1
JOPLJPR159C-M,11,JOPLVSRW4031-M,12,JOPLAI1001D,5,JOPLVSMRW3988-3XL,3
JOPLJPR159C-S,13,JOPLVSRW4088-6XL,3,JOPLJPR794-XL,6,JOPLVSMRW5156-10XL,1
JOPLJPR159D-S,10,JOPLVSRW4079-5XL,3,JOPLVSRW5220-M,1,JOPLRJN16-XL,1
JOPLJPR159E-S,4,JOPLVSRW4290-XXL,1,JOPLVSRW5215-L,0,JOPLVL310-S,1
JOPLJPR159H-S,5,JOPLVSRW4286-S,5,JOPLJPR707-XS,2,JOPLJPR750-S,6
JOPLJPR159H-XL,2,JOPLVSRW4093-6XL,2,JOPLJPR742-M,5,JOPLJPR4034-S,1
JOPLJPR163-L,43,JOPLVSRW4147-XL,20,JOPLLTRW2015-5XL,2,JOPLJPR706-XL,4
JOPLJPR163-M,17,JOPLVSRW4005-L,14,JOPLJPR745-S,2,JOPLVL214-L,2
JOPLJPR163-S,25,JOPLVSRW5171-S,5,JOPLVSRW4114-XXL,6,JOPLVSRW5171-7XL,1
JOPLJPR163-XL,36,JOPLVSRW4093-L,3,JOPLVSRW5204-5XL,1,JOPLJPR301-S,1
JOPLJPR163-XXL,36,JOPLVSRW4082-XXL,13,JOPLVSRW5213-XXL,1,JOPLJPR69B-S,2
JOPLJPR17-XL,2,JOPLVSRW4093-XXL,19,JOPLLTRW2015-7XL,6,JOPLST14-L,1
JOPLJPR2002-XS,2,JOPLVSRW4292-6XL,1,JOPLST270-M,0,JOPLVSMRW4276-XL,1
JOPLJPR2003-S,2,JOPLVSRW4292-L,1,JOPLVSRW4093-6XL,1,JOPLJPR301-XXL,1
JOPLJPR2003-XS,2,JOPLVSRW4290-L,10,JOPLPDPRW1006-M,2,JOPLPDPRW1006-8XL,5
JOPLJPR2004-M,1,JOPLVSRW4082-4XL,5,JOPLVSMRW5149-3XL,5,JOPLJPR762-L,1
JOPLJPR2004-S,15,JOPLVSRW4097-L,1,JOPLVSMRW5156-XL,0,JOPLVSRW4005-9XL,1
JOPLJPR2004-XL,3,JOPLVSRW4082-L,5,JOPLJPR794-M,0,JOPLJPR783-S,1
JOPLJPR2004-XS,14,JOPLVSRW4288-4XL,7,JOPLVSRW5203-5XL,1,JOPLLTRW2015-XXL,1
JOPLJPR2004-XXL,6,JOPLVSRW4286-L,4,JOPLVSRW4147-6XL,3,JOPLVSRW4292-7XL,1
JOPLJPR2005-M,3,JOPLVSRW4005-S,3,JOPLJPR751-XS,0,JOPLJPR786-S,2
JOPLJPR2005-S,12,JOPLJPR730-S,3,JOPLJPR757-XL,0,JOPLLTRW2016-5XL,3
JOPLJPR2005-XS,18,JOPLJPR738-XS,5,JOPLST268-L,0,JOPLJPR4023-XL,2
JOPLJPR2006-L,33,JOPLJPR739-XL,22,JOPLVSMRW5149-M,2,JOPLJPR763-XS,1
JOPLJPR2006-M,25,JOPLJPR739-XXL,12,JOPLVSRW5214-S,1,JOPLLTRW2016-XL,1
JOPLJPR2006-S,41,JOPLJPR741-XS,7,JOPLVSRW4093-5XL,1,JOPLJPR345-L,1
JOPLJPR2006-XL,35,JOPLJPR741-S,4,JOPLJPR83-S,1,JOPLVSRW5193-10XL,1
JOPLJPR2006-XS,51,JOPLJPR739-XS,25,JOPLVSRW5211-7XL,2,JOPLST703-M,2
JOPLJPR2006-XXL,21,JOPLJPR741-L,12,JOPLVSRW4079-M,0,JOPLST271-XL,2
JOPLJPR2007-L,3,JOPLJPR739-L,28,JOPLVSM3988,4,JOPLJPR138-M,1
JOPLJPR2007-M,27,JOPLJPR739-S,28,JOPLJPR794-XS,0,JOPLVSRW4147-M,3
JOPLJPR2007-S,26,JOPLJPR741-M,31,JOPLST218-5XL,3,JOPLVSRW4286-M,2
JOPLJPR2007-XL,8,JOPLJPR741-XXL,1,JOPLDI1028,1,JOPLJPR752-XS,1
JOPLJPR2007-XS,36,JOPLJPR740-S,7,JOPLJPR763-L,1,JOPLVSMRW4276-6XL,2
JOPLJPR2007-XXL,4,JOPLJPR740-M,8,JOPLVSRW4082-4XL,3,JOPLJPR706-4XL,1
JOPLJPR2008-L,31,JOPLJPR742-XXL,8,JOPLPDPRW1006-S,1,JOPLVSRW4292-M,1
JOPLJPR2008-M,21,JOPLJPR742-L,23,JOPLJPR801-M,0,JOPLJPR216-XXL,1
JOPLJPR2008-S,13,JOPLJPR742-XS,31,JOPLJPR801-XL,0,JOPLLTRW2018-5XL,2
JOPLJPR2008-XL,35,JOPLJPR742-XL,6,JOPLVL212-XL,0,JOPLJPR753-S,2
JOPLJPR2008-XS,43,JOPLJPR742-S,12,JOPLVSM4031,0,JOPLVSRW5206-4XL,1
JOPLJPR2008-XXL,31,JOPLJPR742-M,1,JOPLDI1063,0,JOPLJPR867-S,2
JOPLJPR2009-M,1,JOPLPDPRW1058-8XL,16,JOPLJPR515-XL,0,JOPLST11-XXL,1
JOPLJPR2009-S,22,JOPLVL270-XXL,1,JOPLJPR515-S,0,JOPLCS104-L,1
JOPLJPR2009-XL,1,JOPLVSM3851,1,JOPLVL212-5XL,0,JOPLVSMRW3988-XL,5
JOPLJPR2009-XS,42,JOPLVSM3988,10,JOPLVL218-5XL,0,JOPLVSMRW4276-S,1
JOPLJPR2010-XS,9,JOPLVSM4002J,11,JOPLJPR513-XL,0,JOPLVSRW5193-8XL,4
JOPLJPR2011-3XL,3,JOPLVSM4005J,8,JOPLJPR89-XXL,0,JOPLST11-M,1
JOPLJPR2011-L,6,JOPLVSM4031,1,JOPLJPR68B-XL,1,JOPLVSMRW4281-M,1
JOPLJPR2011-M,16,JOPLVSM4028,1,JOPLJPR68C-XL,0,JOPLRJN17-M,1
JOPLJPR2011-S,9,JOPLAI1001D,1,JOPLJPR44-XL,0,JOPLST14-XL,5
JOPLJPR2011-XXL,20,JOPLVSM4071,8,JOPLJPR68D-XL,0,JOPLST14-S,2
JOPLJPR2012-3XL,30,JOPLVSM4078,32,JOPLJPR69A-L,0,JOPLJPR703-XXL,1
JOPLJPR2012-L,34,JOPLPDPRW1058-XL,45,JOPLJPR89-3XL,0,JOPLVL241-XL,1
JOPLJPR2012-M,30,JOPLVSM4079,30,JOPLJPR85-L,0,JOPLJPR713-XS,2
JOPLJPR2012-S,33,JOPLVSM4096,2,JOPLJPR89-M,0,JOPLJPR69B-L,2
JOPLJPR2012-XL,36,JOPLVSM4093,1,JOPLVSRW4288-3XL,0,JOPLJPR779-XXL,1
JOPLJPR2012-XXL,23,JOPLVSM4091,1,JOPLVSRW5171-6XL,0,Not Found,0
JOPLJPR2013-3XL,33,JOPLVSM4088,6,JOPLJPR68B-L,0,,0
JOPLJPR2013-L,40,JOPLVSM4125,61,JOPLJPR44-4XL,0,,0
JOPLJPR2013-M,26,JOPLVSM4119,13,JOPLVSRW5203-XXL,0,,0
JOPLJPR2013-S,39,JOPLVSM4114,13,JOPLVSRW4292-5XL,0,,0
JOPLJPR2013-XL,35,JOPLVSM4132,33,JOPLVSMRW5160-XL,0,,0
JOPLJPR201-3XL,4,JOPLJPR43-XL,19,JOPLVSRW4290-3XL,0,,0
JOPLJPR2013-XXL,25,JOPLJPR43-S,2,JOPLJPR69D-XL,0,,0
JOPLJPR2014-3XL,32,JOPLJPR44-XXL,56,JOPLST271-XL,0,,0
JOPLJPR2014-L,20,JOPLVL205-XL,1,JOPLVSRW5204-3XL,0,,0
JOPLJPR2014-M,22,JOPLJPR68C-S,1,JOPLJPR68A-M,0,,0
JOPLJPR2014-S,55,JOPLJPR68D-XXL,1,JOPLJPR747-XS,0,,0
JOPLJPR2014-XL,19,JOPLJPR68C-M,16,JOPLJPR779-S,0,,0
JOPLJPR2014-XXL,18,JOPLJPR68A-S,3,JOPLVL213-XL,0,,0
JOPLJPR2015-3XL,32,JOPLJPR68D-XL,2,JOPLVSRW5211-L,0,,0
JOPLJPR2015-L,15,JOPLJPR68D-L,5,JOPLVSMRW4281-XXL,1,,0
JOPLJPR2015-M,23,JOPLJPR68C-XL,5,JOPLVSRW4093-3XL,7,,0
JOPLJPR2015-S,46,JOPLJPR68C-XXL,6,JOPLVSM4082,0,,0
JOPLJPR2015-XL,114,JOPLJPR43-M,1,JOPLVSRW5204-XL,0,,0
JOPLJPR2015-XXL,67,JOPLJPR69C-L,2,JOPLVSMRW4250-8XL,0,,0
JOPLJPR2016-S,9,JOPLJPR69B-S,2,JOPLJPR69D-M,0,,0
JOPLJPR2016-XXL,1,JOPLJPR69D-S,1,JOPLJPR83-XXL,0,,0
JOPLJPR2019-L,38,JOPLJPR69A-M,3,JOPLJPR69B-L,0,,0
JOPLJPR2019-M,43,JOPLJPR68B-XL,1,JOPLVSRW4031-S,0,,0
JOPLJPR2019-S,41,JOPLJPR68B-M,4,JOPLJPR89-4XL,0,,0
JOPLJPR2019-XL,38,JOPLVL214-XL,2,JOPLVSRW5214-5XL,0,,0
JOPLJPR2019-XS,47,JOPLVL214-S,2,JOPLJPR513-XXL,1,,0
JOPLJPR2019-XXL,29,JOPLVL213-M,9,JOPLJPR742-L,0,,0
JOPLJPR201-L,13,JOPLVL213-L,2,JOPLLTRW2016-XXL,0,,0
JOPLJPR201-M,8,JOPLVL213-XL,3,JOPLJPR747-M,0,,0
JOPLJPR201-XL,13,JOPLVSMRW3988-M,2,JOPLVSRW5193-7XL,0,,0
JOPLJPR201-XXL,16,JOPLVSMRW3988-L,1,JOPLVSRW5172-S,0,,0
JOPLJPR204-3XL,19,JOPLJPR89-S,8,JOPLVSRW5202-XL,0,,0
JOPLJPR204-L,7,JOPLJPR85-M,5,JOPLVSRW5211-3XL,0,,0
JOPLJPR204-M,9,JOPLJPR89-M,3,JOPLVSRW5193-3XL,3,,0
JOPLJPR204-XL,4,JOPLJPR89-L,8,JOPLVSRW5203-XL,0,,0
JOPLJPR204-XXL,18,JOPLVL213-XXL,1,JOPLVSRW5217-7XL,0,,0
JOPLJPR206-3XL,31,JOPLVL214-XXL,2,JOPLVSRW5217-6XL,0,,0
JOPLJPR206-L,30,JOPLJPR89-XL,1,JOPLVSRW5220-4XL,0,,0
JOPLJPR206-M,22,JOPLJPR83-S,1,JOPLVSRW4079-5XL,0,,0
JOPLJPR206-XL,19,JOPLJPR801-XXL,2,JOPLVSMRW5156-5XL,0,,0
JOPLJPR206-XXL,16,JOPLJPR44-3XL,5,JOPLVSRW5212-4XL,0,,0
JOPLJPR209-L,1,JOPLJPR44-4XL,21,JOPLJPR779-XS,0,,0
JOPLJPR209-M,1,JOPLJPR10-4XL,1,JOPLVSRW4031-4XL,1,,0
JOPLJPR211-3XL,20,JOPLJPR801-S,2,JOPLVSRW5220-3XL,0,,0
JOPLJPR211-L,11,JOPLJPR10-3XL,2,JOPLJPR85-3XL,0,,0
JOPLJPR211-M,19,ROLY01B-XXL,1,JOPLVSRW5218-3XL,0,,0
JOPLJPR211-XL,2,JOPLJPR747-XXL,1,JOPLVSRW5214-XXL,0,,0
JOPLJPR211-XXL,33,JOPLVSRW4002-M,18,JOPLVSRW5218-4XL,0,,0
JOPLJPR212-3XL,28,JOPLVSRW4002-S,12,JOPLVSRW5219-L,0,,0
JOPLJPR212-L,19,JOPLST703-M,6,JOPLVSRW4079-L,0,,0
JOPLJPR212-M,25,JOPLST703-L,2,JOPLVSRW5212-5XL,0,,0
JOPLJPR212-XL,28,JOPLJPR767-S,1,JOPLVSRW4088-5XL,0,,0
JOPLJPR212-XXL,22,JOPLJPR763-S,1,JOPLVSRW5203-L,0,,0
JOPLJPR213-3XL,32,JOPLPDPRW1058-M,4,JOPLVSRW5205-L,0,,0
JOPLJPR213-L,28,JOPLVSMRW3988-8XL,1,JOPLVSRW4286-L,0,,0
JOPLJPR213-M,32,JOPLPDPRW1058-5XL,2,JOPLVSMRW5160-3XL,0,,0
JOPLJPR213-XL,23,JOPLJPR757-XXL,1,JOPLVSRW5219-4XL,0,,0
JOPLJPR213-XXL,31,JOPLST242-M,8,JOPLVSRW5214-M,2,,0
JOPLJPR214-3XL,15,JOPLST242-S,11,JOPLVSRW5202-5XL,0,,0
JOPLJPR214-M,12,JOPLST242-L,1,JOPLVSMRW4250-S,1,,0
JOPLJPR214-XL,34,JOPLST242-XL,43,JOPLVSMRW4284-XXL,0,,0
JOPLJPR214-XXL,11,JOPLST242-XXL,6,JOPLVSRW4292-S,2,,0
JOPLJPR215-3XL,11,JOPLPDPRW1006-7XL,2,JOPLLTRW2018-XL,1,,0
JOPLJPR215-L,7,JOPLPDPRW1006-8XL,3,JOPLVSRW4290-XXL,0,,0
JOPLJPR215-M,17,JOPLST243-L,1,JOPLVSRW5193-5XL,0,,0
JOPLJPR215-XL,6,JOPLST243-M,3,JOPLVSMRW5156-XXL,0,,0
JOPLJPR215-XXL,6,JOPLVSRW4147-7XL,24,JOPLVSRW5221-L,0,,0
JOPLJPR216-3XL,28,JOPLVSRW4147-8XL,5,JOPLJPR708-S,0,,0
JOPLJPR216-L,17,JOPLVSRW4005-4XL,2,JOPLJPR708-M,0,,0
JOPLJPR216-M,43,JOPLVSRW4088-M,1,JOPLVSRW5172-7XL,0,,0
JOPLJPR216-XL,50,JOPLVSRW4147-5XL,3,JOPLJPR718-S,0,,0
JOPLJPR216-XXL,31,JOPLVSMRW3988-5XL,1,JOPLVL212-L,0,,0
JOPLJPR21-M,2,JOPLVSMRW4250-XL,4,JOPLST201-XL,0,,0
JOPLJPR301-L,23,JOPLVSMRW3988-S,12,JOPLVSM4097,0,,0
JOPLJPR301-XL,9,JOPLJPR751-XXL,1,JOPLJPR518-XL,1,,0
JOPLJPR301-XS,19,JOPLJPR765-L,2,JOPLJPR43-3XL,0,,0
JOPLJPR301-XXL,18,JOPLJPR765-S,2,JOPLJPR89-5XL,0,,0
JOPLJPR302-L,4,JOPLJPR753-S,10,JOPLJPR69B-XXL,0,,0
JOPLJPR302-S,5,JOPLJPR778-S,1,JOPLVSM4147,1,,0
JOPLJPR302-XL,34,JOPLJPR765-XS,2,JOPLVSM5112,0,,0
JOPLJPR302-XS,15,JOPLJPR764-XXL,1,JOPLVSRW5210-10XL,0,,0
JOPLJPR302-XXL,24,JOPLJPR778-XL,14,JOPLMD147A,0,,0
JOPLJPR303-L,7,JOPLJPR765-M,1,JOPLVSMRW4284-M,0,,0
JOPLJPR303-M,5,JOPLJPR751-XS,2,JOPLVSRW5216-L,0,,0
JOPLJPR303-S,11,JOPLJPR753-XXL,1,JOPLVSRW5216-XXL,0,,0
JOPLJPR303-XL,1,JOPLJPR778-XS,1,JOPLVSRW5216-5XL,0,,0
JOPLJPR303-XS,33,JOPLJPR753-XS,3,JOPLVSRW5211-XL,0,,0
JOPLJPR303-XXL,5,JOPLJPR851-S,4,JOPLVSMRW5149-6XL,0,,0
JOPLJPR304-L,2,JOPLJPR851-M,3,JOPLVSRW5204-L,0,,0
JOPLJPR304-XS,20,JOPLJPR851-XXL,1,JOPLVSRW5218-L,0,,0
JOPLJPR305-XS,8,JOPLJPR851-3XL,5,JOPLVSRW5211-S,0,,0
JOPLJPR306-L,1,JOPLJPR755-XS,0,JOPLJPR706-S,0,,0
JOPLJPR306-S,5,JOPLJPR752-XL,1,JOPLVSRW1167-M,0,,0
JOPLJPR306-XL,2,JOPLJPR752-L,1,JOPLPDPRW1006-L,4,,0
JOPLJPR306-XS,19,JOPLJPR752-XXL,3,JOPLJPR868-L,0,,0
JOPLJPR307-L,29,JOPLJPR755-M,5,JOPLJPR762-L,0,,0
JOPLJPR307-M,12,JOPLVSRW4114-10XL,4,JOPLVSRW4093-S,0,,0
JOPLJPR307-S,46,JOPLLTRW2007-3XL,12,JOPLLTRW2013-S,0,,0
JOPLJPR307-XL,39,JOPLPDPRW1006-3XL,6,JOPLVSRW4082-XXL,0,,0
JOPLJPR307-XS,45,JOPLVSRW4286-XXL,4,JOPLVSRW5215-XL,0,,0
JOPLJPR307-XXL,70,JOPLVSRW4031-3XL,10,JOPLVSRW4114-3XL,2,,0
JOPLJPR308-S,1,JOPLLTRW2007-5XL,6,JOPLJPR711-XL,0,,0
JOPLJPR308-XL,3,JOPLLTRW2007-6XL,2,JOPLJPR706-XS,0,,0
JOPLJPR309-S,2,JOPLVSRW4002-3XL,3,JOPLST270-XL,0,,0
JOPLJPR311-L,2,JOPLLTRW2007-10XL,5,JOPLJPR734-S,0,,0
JOPLJPR311-M,2,JOPLJPR7004-L,1,JOPLVSRW5211-M,0,,0
JOPLJPR311-S,42,JOPLVSRW4031-9XL,1,JOPLJPR779-M,0,,0
JOPLJPR311-XS,69,JOPLJPR7006-S,1,JOPLVSMRW5149-XL,1,,0
JOPLJPR312-S,2,JOPLJPR4052-3XL,2,JOPLVSRW4114-S,0,,0
JOPLJPR312-XS,7,JOPLST242-3XL,1,JOPLVSRW4082-5XL,0,,0
JOPLJPR313-S,3,JOPLST242-5XL,6,JOPLVSRW4097-L,0,,0
JOPLJPR314-S,3,JOPLJPR7006-XL,2,JOPLJPR325-M,0,,0
JOPLJPR314-XS,2,JOPLJPR513-XXL,31,JOPLVL245-5XL,0,,0
JOPLJPR315-L,1,JOPLJPR513-XL,26,JOPLDI1033,0,,0
JOPLJPR315-M,7,JOPLJPR513-M,4,JOPLJPR44-6XL,0,,0
JOPLJPR315-S,3,JOPLJPR513-S,8,JOPLJPR68D-4XL,0,,0
JOPLJPR315-XL,5,JOPLJPR513-L,2,JOPLVL212-XXL,0,,0
JOPLJPR315-XS,14,JOPLVSRW1163-9XL,9,JOPLRP710-JOPLPDP1013,0,,0
JOPLJPR316-M,1,JOPLVSRW1163-8XL,2,JOPLVSRW4097-6XL,0,,0
JOPLJPR316-S,5,JOPLVSRW5171-9XL,4,JOPLVSRW5212-3XL,0,,0
JOPLJPR316-XS,1,JOPLJPR734-XL,1,JOPLLTRW2018-3XL,0,,0
JOPLJPR317-M,8,JOPLJPR7007-L,8,JOPLVSRW5216-6XL,0,,0
JOPLJPR317-S,15,JOPLJPR734-XXL,1,JOPLVSRW4097-3XL,0,,0
JOPLJPR317-XS,13,JOPLJPR4053-L,4,JOPLVSRW5212-6XL,0,,0
JOPLJPR318-L,11,JOPLJPR4053-XL,1,JOPLVSRW1167-7XL,0,,0
JOPLJPR318-M,11,JOPLVSRW1163-7XL,3,JOPLJPR68C-L,0,,0
JOPLJPR318-S,18,JOPLJPR7013-XXL,4,JOPLVSMRW4281-S,0,,0
JOPLJPR318-XL,8,JOPLJPR7007-S,1,JOPLVSRW4005-S,1,,0
JOPLJPR318-XS,18,JOPLJPR7013-L,2,JOPLVSRW5206-S,0,,0
JOPLJPR318-XXL,14,JOPLJPR4053-M,1,JOPLVL212-4XL,0,,0
JOPLJPR319-L,5,JOPLJPR144-S,1,JOPLJPR314-XL,0,,0
JOPLJPR319-XL,2,JOPLJPR864-M,1,JOPLJPR758-XXL,0,,0
JOPLJPR319-XS,12,JOPLJPR144-L,2,JOPLVSRW5220-6XL,0,,0
JOPLJPR319-XXL,9,JOPLJPR144-XXL,1,JOPLLTRW2016-5XL,0,,0
JOPLJPR320-L,8,JOPLVSRW4082-8XL,1,JOPLJPR44-L,1,,0
JOPLJPR320-M,6,JOPLVSRW5208-M,1,JOPLJPR69D-L,0,,0
JOPLJPR320-S,1,JOPLST271-XXL,6,JOPLST739-3XL,0,,0
JOPLJPR320-XL,14,JOPLST270-L,12,JOPLVSRW5213-3XL,0,,0
JOPLJPR320-XS,22,JOPLVSRW5208-S,1,JOPLVL214-4XL,0,,0
JOPLJPR320-XXL,9,JOPLVSRW5210-XXL,9,JOPLVSRW5204-M,0,,0
JOPLJPR321-L,1,JOPLST270-XL,5,JOPLVSRW5218-XL,0,,0
JOPLJPR321-S,3,JOPLVSRW5210-6XL,1,JOPLJPR68C-M,0,,0
JOPLJPR321-XS,5,JOPLVSRW5209-L,8,JOPLVSRW4005-M,0,,0
JOPLJPR322-L,3,JOPLVSRW5210-4XL,4,JOPLJPR69D-3XL,0,,0
JOPLJPR322-S,6,JOPLVSRW5210-XL,3,JOPLJPR68C-S,0,,0
JOPLJPR322-XL,6,JOPLST270-M,21,JOPLVSRW4288-7XL,1,,0
JOPLJPR322-XS,17,JOPLST271-S,8,JOPLJPR44-S,5,,0
JOPLJPR322-XXL,10,JOPLST270-XXL,3,JOPLVSMRW5149-5XL,3,,0
JOPLJPR323-M,3,JOPLJPR512-M,6,JOPLVSRW5211-XXL,0,,0
JOPLJPR323-XL,1,JOPLJPR512-S,1,JOPLVSRW5218-XXL,0,,0
JOPLJPR323-XS,3,JOPLJPR512-XXL,5,JOPLJPR89-L,0,,0
JOPLJPR323-XXL,5,JOPLJPR512-XL,1,JOPLVSRW4088-7XL,0,,0
JOPLJPR324-L,5,JOPLST268-L,16,JOPLVSRW4082-M,0,,0
JOPLJPR324-S,10,JOPLJPR337-XS,1,JOPLJPR69C-4XL,0,,0
JOPLJPR324-XL,2,JOPLST269-S,1,JOPLVSRW5203-3XL,0,,0
JOPLJPR324-XS,9,JOPLST269-XXL,1,JOPLVSRW5207-S,0,,0
JOPLJPR324-XXL,5,JOPLST269-XL,10,JOPLVSRW5171-S,0,,0
JOPLJPR325-L,1,JOPLJPR311-L,1,JOPLVSRW5215-4XL,2,,0
JOPLJPR325-S,1,JOPLJPR311-XS,1,JOPLJPR740-M,0,,0
JOPLJPR325-XL,1,JOPLCS108-L,1,JOPLVL213-L,2,,0
JOPLJPR325-XS,10,JOPLCS108-XL,3,JOPLVSRW4082-L,0,,0
JOPLJPR325-XXL,1,JOPLJPR311-M,8,JOPLVSRW5193-6XL,0,,0
JOPLJPR326-M,2,JOPLJPR311-XXL,1,JOPLJPR4025-3XL,0,,0
JOPLJPR326-S,9,JOPLJPR7021-L,2,JOPLJPR4001-M,0,,0
JOPLJPR326-XL,2,JOPLST273-L,3,JOPLJPR707-L,0,,0
JOPLJPR326-XS,11,JOPLJPR7021-XXL,3,JOPLVSRW4114-M,0,,0
JOPLJPR326-XXL,7,JOPLJPR7021-M,10,JOPLVSRW5221-XL,4,,0
JOPLJPR327-S,1,JOPLST273-XXL,1,JOPLVSRW4290-S,0,,0
JOPLJPR327-XL,1,JOPLLTRW2016-9XL,4,JOPLLTRW2016-7XL,0,,0
JOPLJPR327-XS,6,JOPLLTRW2016-7XL,1,JOPLVSRW5208-XL,0,,0
JOPLJPR328-XS,3,JOPLJPR515-XL,2,JOPLVSRW4031-7XL,2,,0
JOPLJPR328-XXL,2,JOPLJPR518-M,2,JOPLST201-L,0,,0
JOPLJPR331-XS,2,JOPLJPR518-XL,13,JOPLVL212-S,0,,0
JOPLJPR332-S,4,JOPLJPR515-M,2,JOPLVSRW5219-S,0,,0
JOPLJPR332-XL,3,JOPLJPR515-XXL,11,JOPLVSMRW5149-XXL,2,,0
JOPLJPR332-XS,13,JOPLJPR518-S,3,JOPLVSM4002J,0,,0
JOPLJPR333-S,6,JOPLJPR518-L,1,Not Found,0,,0
JOPLJPR333-XL,2,JOPLJPR4007-XXL,2,JOPLJPR709-M,0,,0
JOPLJPR333-XS,15,JOPLJPR4007-S,1,JOPLVSM4078,0,,0
JOPLJPR333-XXL,2,JOPLJPR4013-M,1,JOPLVSM4028-VSM4082,0,,0
JOPLJPR334-S,1,JOPLJPR342-XL,2,JOPLVSM4132,0,,0
JOPLJPR334-XL,1,JOPLJPR342-XXL,2,JOPLVSMRW3974-XXL,0,,0
JOPLJPR334-XS,7,JOPLJPR342-XS,2,JOPLLTRW2013-4XL,0,,0
JOPLJPR335-XL,2,JOPLJPR342-M,3,JOPLVSRW4088-9XL,1,,0
JOPLJPR335-XS,8,JOPLJPR323-XXL,3,JOPLJPR7006-S,5,,0
JOPLJPR335-XXL,4,JOPLJPR342-L,4,JOPLJPR765-XS,1,,0
JOPLJPR336-XS,8,JOPLJPR323-S,2,JOPLVL214-S,1,,0
JOPLJPR336-XXL,6,JOPLJPR346-XS,1,JOPLJPR43-M,1,,0
JOPLJPR337-L,2,JOPLJPR346-M,6,JOPLJPR83-3XL,2,,0
JOPLJPR337-S,3,JOPLJPR7017-XS,1,JOPLJPR513-L,1,,0
JOPLJPR337-XL,4,JOPLJPR346-S,3,JOPLVSRW4288-5XL,4,,0
JOPLJPR337-XS,3,JOPLJPR346-L,3,JOPLJPR765-L,4,,0
JOPLJPR337-XXL,5,JOPLJPR7017-M,1,JOPLVSMRW4002J-XXL,0,,0
JOPLJPR338-S,1,JOPLJPR346-XL,3,JOPLJPR83-L,1,,0
JOPLJPR338-XXL,2,JOPLJPR7022-M,2,JOPLPDPRW1006-8XL,5,,0
JOPLJPR339-L,13,JOPLJPR348-S,3,JOPLJPR778-XS,1,,0
JOPLJPR339-M,9,JOPLJPR348-L,4,JOPLJPR44-5XL,1,,0
JOPLJPR339-S,7,JOPLJPR348-XXL,2,JOPLJPR83-M,1,,0
JOPLJPR339-XL,5,JOPLJPR348-M,7,JOPLVL310-5XL,1,,0
JOPLJPR339-XS,18,JOPLJPR7020-M,2,JOPLJPR739-M,4,,0
JOPLJPR339-XXL,18,JOPLJPR348-XL,1,JOPLJPR755-XXL,3,,0
JOPLJPR340-M,1,JOPLPDPRW1058-L,3,JOPLVL310-3XL,1,,0
JOPLJPR340-S,5,JOPLJPR340-S,9,JOPLVSRW4005-XL,3,,0
JOPLJPR340-XL,2,JOPLJPR340-XL,3,JOPLJPR801-XXL,5,,0
JOPLJPR340-XS,2,JOPLVSRW4290-8XL,1,JOPLVSRW4288-8XL,2,,0
JOPLJPR341-L,1,JOPLJPR7016-XL,2,JOPLJPR513-M,3,,0
JOPLJPR341-M,6,JOPLVSMRW5160-10XL,3,JOPLJPR714-S,1,,0
JOPLJPR341-S,15,JOPLVSMRW5160-9XL,2,JOPLJPR752-XL,1,,0
JOPLJPR341-XL,4,JOPLJPR4005-M,1,JOPLVSM3851,1,,0
JOPLJPR341-XS,17,JOPLJPR5004-XS,3,JOPLVSRW4096-S,1,,0
JOPLJPR341-XXL,4,JOPLJPR7016-XXL,1,JOPLJPR320-S,1,,0
JOPLJPR342-L,2,JOPLJPR789-L,3,JOPLVSRW4088-10XL,2,,0
JOPLJPR342-S,3,JOPLJPR140-XL,1,JOPLDI1034,1,,0
JOPLJPR342-XL,6,JOPLJPR7015-XS,3,JOPLJPR69B-M,1,,0
JOPLJPR342-XS,21,JOPLJPR7015-L,5,JOPLVSRW1163-S,1,,0
JOPLJPR342-XXL,7,JOPLJPR789-M,1,JOPLVSRW5221-5XL,0,,0
JOPLJPR343-L,15,JOPLJPR7015-S,1,JOPLVSMRW4284-XL,0,,0
JOPLJPR343-M,37,JOPLJPR7015-M,5,JOPLVSMRW5156-M,0,,0
JOPLJPR343-S,34,JOPLJPR7015-XL,11,JOPLVSM4119,0,,0
JOPLJPR343-XL,15,JOPLJPR140-L,1,JOPLJPR718-L,0,,0
JOPLJPR343-XS,28,JOPLVL212-L,1,JOPLJPR778-XL,0,,0
JOPLJPR343-XXL,27,JOPLJPR711-L,1,JOPLVSRW4184-3XL,1,,0
JOPLJPR344-L,28,JOPLST272-L,1,JOPLVSRW1163-L,2,,0
JOPLJPR344-M,41,JOPLJPR762-M,1,,0,,0
JOPLJPR344-S,36,JOPLVSMRW4281-7XL,2,,0,,0
JOPLJPR344-XL,26,JOPLVSMRW5156-9XL,1,,0,,0
JOPLJPR344-XS,35,JOPLVSRW4082-10XL,2,,0,,0
JOPLJPR345-L,1,JOPLVSMRW4250-L,4,,0,,0
JOPLJPR345-M,13,JOPLVSMRW3988-XL,1,,0,,0
JOPLJPR345-S,23,JOPLJPR773-S,1,,0,,0
JOPLJPR345-XS,36,JOPLJPR773-XL,2,,0,,0
JOPLJPR345-XXL,6,JOPLJPR773-XXL,6,,0,,0
JOPLJPR346-S,4,JOPLJPR773-XS,1,,0,,0
JOPLJPR346-XS,25,JOPLJPR138-XL,1,,0,,0
JOPLJPR346-XXL,4,JOPLVSRW4002-XXL,1,,0,,0
JOPLJPR347-L,2,JOPLVSRW4005-XXL,1,,0,,0
JOPLJPR347-M,33,JOPLVSMRW5156-5XL,1,,0,,0
JOPLJPR347-S,26,JOPLVSRW4096-S,1,,0,,0
JOPLJPR347-XL,32,JOPLVSRW4002-XL,18,,0,,0
JOPLJPR347-XS,38,JOPLLTRW2015-9XL,2,,0,,0
JOPLJPR347-XXL,35,JOPLVSRW1167-10XL,1,,0,,0
JOPLJPR348-L,19,JOPLVSRW1167-7XL,2,,0,,0
JOPLJPR348-M,38,JOPLLTRW2015-XL,2,,0,,0
JOPLJPR348-S,1,JOPLLTRW2015-S,16,,0,,0
JOPLJPR348-XL,22,JOPLPDPRW1006-L,2,,0,,0
JOPLJPR348-XS,46,JOPLLTRW2017-S,4,,0,,0
JOPLJPR348-XXL,15,JOPLVSMRW4250-7XL,2,,0,,0
JOPLJPR349-L,2,JOPLVSMRW4250-6XL,3,,0,,0
JOPLJPR349-M,4,JOPLPDPRW1006-5XL,2,,0,,0
JOPLJPR349-S,25,JOPLPDPRW1006-XL,4,,0,,0
JOPLJPR349-XL,5,JOPLVSRW4147-3XL,5,,0,,0
JOPLJPR349-XS,30,JOPLVSRW4005-7XL,6,,0,,0
JOPLJPR350-L,3,JOPLVSRW1167-M,2,,0,,0
JOPLJPR350-M,1,JOPLLTRW2017-8XL,1,,0,,0
JOPLJPR350-S,14,JOPLVSRW4147-S,18,,0,,0
JOPLJPR350-XL,14,JOPLJPR750-L,1,,0,,0
JOPLJPR350-XS,29,JOPLJPR350-S,21,,0,,0
JOPLJPR350-XXL,16,JOPLJPR350-M,2,,0,,0
JOPLJPR351-L,8,JOPLJPR5002-S,3,,0,,0
JOPLJPR351-M,2,JOPLJPR868-S,1,,0,,0
JOPLJPR351-S,40,JOPLJPR5002-XS,1,,0,,0
JOPLJPR351-XL,1,JOPLJPR517-S,1,,0,,0
JOPLJPR351-XS,42,JOPLJPR344-L,1,,0,,0
JOPLJPR351-XXL,17,JOPLJPR344-S,4,,0,,0
JOPLJPR352-L,35,JOPLJPR2008-M,3,,0,,0
JOPLJPR352-M,38,JOPLJPR2008-XXL,1,,0,,0
JOPLJPR352-S,36,JOPLJPR780-XXL,1,,0,,0
JOPLJPR352-XL,25,JOPLVSRW5215-10XL,1,,0,,0
JOPLJPR352-XS,41,JOPLVSRW5213-XXL,12,,0,,0
JOPLJPR353-XL,3,JOPLVSRW5213-S,2,,0,,0
JOPLJPR353-XS,21,JOPLJPR319-XS,2,,0,,0
JOPLJPR354-XL,1,JOPLVSRW5220-S,1,,0,,0
JOPLJPR358-S,4,JOPLJPR519-S,1,,0,,0
JOPLJPR358-XL,1,JOPLJPR2009-XS,1,,0,,0
JOPLJPR358-XS,13,JOPLJPR790-M,2,,0,,0
JOPLJPR358-XXL,1,JOPLJPR2009-XXL,1,,0,,0
JOPLJPR4001-3XL,26,JOPLCS110-XL,1,,0,,0
JOPLJPR4001-L,22,JOPLJPR313-XL,1,,0,,0
JOPLJPR4001-M,13,JOPLJPR313-XXL,1,,0,,0
JOPLJPR4001-S,9,JOPLJPR312-XXL,2,,0,,0
JOPLJPR4001-XL,29,JOPLVSRW5218-XL,5,,0,,0
JOPLJPR4001-XXL,29,JOPLVSRW5172-XL,4,,0,,0
JOPLJPR4002-3XL,24,JOPLVSRW5212-S,4,,0,,0
JOPLJPR4002-L,13,JOPLVSRW5172-L,10,,0,,0
JOPLJPR4002-M,14,JOPLVSRW4288-L,3,,0,,0
JOPLJPR4002-S,42,JOPLVSRW5211-L,2,,0,,0
JOPLJPR4002-XL,9,,0,,0,,0
JOPLJPR4002-XXL,12,,0,,0,,0
JOPLJPR4003-3XL,4,,0,,0,,0
JOPLJPR4003-L,3,,0,,0,,0
JOPLJPR4003-M,5,,0,,0,,0
JOPLJPR4003-S,6,,0,,0,,0
JOPLJPR4003-XL,4,,0,,0,,0
JOPLJPR4003-XXL,19,,0,,0,,0
JOPLJPR4004-3XL,14,,0,,0,,0
JOPLJPR4004-L,14,,0,,0,,0
JOPLJPR4004-M,12,,0,,0,,0
JOPLJPR4004-S,7,,0,,0,,0
JOPLJPR4004-XL,11,,0,,0,,0
JOPLJPR4004-XXL,21,,0,,0,,0
JOPLJPR4005-3XL,24,,0,,0,,0
JOPLJPR4005-L,21,,0,,0,,0
JOPLJPR4005-M,14,,0,,0,,0
JOPLJPR4005-S,19,,0,,0,,0
JOPLJPR4005-XL,14,,0,,0,,0
JOPLJPR4005-XXL,23,,0,,0,,0
JOPLJPR4006-3XL,21,,0,,0,,0
JOPLJPR4006-L,36,,0,,0,,0
JOPLJPR4006-M,27,,0,,0,,0
JOPLJPR4006-S,34,,0,,0,,0
JOPLJPR4006-XL,39,,0,,0,,0
JOPLJPR4006-XXL,34,,0,,0,,0
JOPLJPR4007-3XL,22,,0,,0,,0
JOPLJPR4007-L,25,,0,,0,,0
JOPLJPR4007-M,35,,0,,0,,0
JOPLJPR4007-S,29,,0,,0,,0
JOPLJPR4007-XL,48,,0,,0,,0
JOPLJPR4007-XXL,25,,0,,0,,0
JOPLJPR4008-3XL,36,,0,,0,,0
JOPLJPR4008-L,29,,0,,0,,0
JOPLJPR4008-M,22,,0,,0,,0
JOPLJPR4008-S,28,,0,,0,,0
JOPLJPR4008-XL,30,,0,,0,,0
JOPLJPR4008-XXL,32,,0,,0,,0
JOPLJPR4009-3XL,31,,0,,0,,0
JOPLJPR4009-L,24,,0,,0,,0
JOPLJPR4009-M,32,,0,,0,,0
JOPLJPR4009-S,44,,0,,0,,0
JOPLJPR4009-XL,30,,0,,0,,0
JOPLJPR4009-XXL,28,,0,,0,,0
JOPLJPR4010-3XL,23,,0,,0,,0
JOPLJPR4010-L,33,,0,,0,,0
JOPLJPR4010-M,16,,0,,0,,0
JOPLJPR4010-S,39,,0,,0,,0
JOPLJPR4010-XL,16,,0,,0,,0
JOPLJPR4010-XXL,23,,0,,0,,0
JOPLJPR4011-3XL,54,,0,,0,,0
JOPLJPR4011-L,40,,0,,0,,0
JOPLJPR4011-M,43,,0,,0,,0
JOPLJPR4011-S,58,,0,,0,,0
JOPLJPR4011-XL,56,,0,,0,,0
JOPLJPR4011-XXL,72,,0,,0,,0
JOPLJPR4012-3XL,42,,0,,0,,0
JOPLJPR4012-L,44,,0,,0,,0
JOPLJPR4012-M,41,,0,,0,,0
JOPLJPR4012-S,33,,0,,0,,0
JOPLJPR4012-XL,39,,0,,0,,0
JOPLJPR4012-XXL,46,,0,,0,,0
JOPLJPR4013-3XL,23,,0,,0,,0
JOPLJPR4013-L,47,,0,,0,,0
JOPLJPR4013-M,34,,0,,0,,0
JOPLJPR4013-S,73,,0,,0,,0
JOPLJPR4013-XL,32,,0,,0,,0
JOPLJPR4013-XXL,26,,0,,0,,0
JOPLJPR4015-3XL,17,,0,,0,,0
JOPLJPR4015-L,18,,0,,0,,0
JOPLJPR4015-M,36,,0,,0,,0
JOPLJPR4015-S,18,,0,,0,,0
JOPLJPR4015-XL,13,,0,,0,,0
JOPLJPR4015-XXL,17,,0,,0,,0
JOPLJPR4016-3XL,4,,0,,0,,0
JOPLJPR4016-M,2,,0,,0,,0
JOPLJPR4016-S,10,,0,,0,,0
JOPLJPR4016-XXL,19,,0,,0,,0
JOPLJPR4018-3XL,43,,0,,0,,0
JOPLJPR4018-L,44,,0,,0,,0
JOPLJPR4018-M,35,,0,,0,,0
JOPLJPR4018-S,44,,0,,0,,0
JOPLJPR4018-XL,41,,0,,0,,0
JOPLJPR4018-XXL,37,,0,,0,,0
JOPLJPR4019-3XL,10,,0,,0,,0
JOPLJPR4019-M,2,,0,,0,,0
JOPLJPR4019-S,22,,0,,0,,0
JOPLJPR4019-XL,1,,0,,0,,0
JOPLJPR4019-XXL,10,,0,,0,,0
JOPLJPR4020-M,12,,0,,0,,0
JOPLJPR4020-S,76,,0,,0,,0
JOPLJPR4020-XL,1,,0,,0,,0
JOPLJPR4021-3XL,5,,0,,0,,0
JOPLJPR4021-M,1,,0,,0,,0
JOPLJPR4021-XXL,2,,0,,0,,0
JOPLJPR4022-3XL,35,,0,,0,,0
JOPLJPR4022-L,35,,0,,0,,0
JOPLJPR4022-M,44,,0,,0,,0
JOPLJPR4022-S,46,,0,,0,,0
JOPLJPR4022-XL,33,,0,,0,,0
JOPLJPR4022-XXL,31,,0,,0,,0
JOPLJPR4023-M,1,,0,,0,,0
JOPLJPR4023-S,8,,0,,0,,0
JOPLJPR4023-XL,2,,0,,0,,0
JOPLJPR4024-M,1,,0,,0,,0
JOPLJPR4024-XXL,2,,0,,0,,0
JOPLJPR4025-3XL,5,,0,,0,,0
JOPLJPR4025-S,32,,0,,0,,0
JOPLJPR4025-XL,17,,0,,0,,0
JOPLJPR4025-XXL,16,,0,,0,,0
JOPLJPR4026-M,6,,0,,0,,0
JOPLJPR4026-S,17,,0,,0,,0
JOPLJPR4027-3XL,21,,0,,0,,0
JOPLJPR4027-L,13,,0,,0,,0
JOPLJPR4027-M,11,,0,,0,,0
JOPLJPR4027-XL,2,,0,,0,,0
JOPLJPR4027-XXL,18,,0,,0,,0
JOPLJPR4030-3XL,8,,0,,0,,0
JOPLJPR4030-S,22,,0,,0,,0
JOPLJPR4030-XXL,7,,0,,0,,0
JOPLJPR4031-M,1,,0,,0,,0
JOPLJPR4031-S,1,,0,,0,,0
JOPLJPR4031-XXL,1,,0,,0,,0
JOPLJPR4032-S,1,,0,,0,,0
JOPLJPR4033-S,4,,0,,0,,0
JOPLJPR4033-XL,1,,0,,0,,0
JOPLJPR4033-XXL,2,,0,,0,,0
JOPLJPR4034-M,1,,0,,0,,0
JOPLJPR4035-3XL,8,,0,,0,,0
JOPLJPR4035-L,1,,0,,0,,0
JOPLJPR4035-M,18,,0,,0,,0
JOPLJPR4035-S,9,,0,,0,,0
JOPLJPR4035-XL,3,,0,,0,,0
JOPLJPR4035-XXL,11,,0,,0,,0
JOPLJPR4036-3XL,2,,0,,0,,0
JOPLJPR4036-M,1,,0,,0,,0
JOPLJPR4036-XL,4,,0,,0,,0
JOPLJPR4039-S,1,,0,,0,,0
JOPLJPR4040-S,1,,0,,0,,0
JOPLJPR4041-3XL,1,,0,,0,,0
JOPLJPR4041-S,3,,0,,0,,0
JOPLJPR4041-XL,3,,0,,0,,0
JOPLJPR4041-XXL,13,,0,,0,,0
JOPLJPR4043-M,2,,0,,0,,0
JOPLJPR4049-S,2,,0,,0,,0
JOPLJPR4049-XL,3,,0,,0,,0
JOPLJPR4049-XXL,4,,0,,0,,0
JOPLJPR4050-XL,2,,0,,0,,0
JOPLJPR4051-XXL,3,,0,,0,,0
JOPLJPR4052-3XL,1,,0,,0,,0
JOPLJPR4052-L,2,,0,,0,,0
JOPLJPR4052-M,3,,0,,0,,0
JOPLJPR4052-S,26,,0,,0,,0
JOPLJPR4052-XL,3,,0,,0,,0
JOPLJPR4053-3XL,39,,0,,0,,0
JOPLJPR4053-L,17,,0,,0,,0
JOPLJPR4053-S,2,,0,,0,,0
JOPLJPR4053-XL,35,,0,,0,,0
JOPLJPR4053-XXL,55,,0,,0,,0
JOPLJPR4055-3XL,1,,0,,0,,0
JOPLJPR4056-XXL,6,,0,,0,,0
JOPLJPR43-5XL,25,,0,,0,,0
JOPLJPR43-6XL,54,,0,,0,,0
JOPLJPR43-L,129,,0,,0,,0
JOPLJPR43-M,188,,0,,0,,0
JOPLJPR43-S,35,,0,,0,,0
JOPLJPR43-XL,102,,0,,0,,0
JOPLJPR43-XXL,83,,0,,0,,0
JOPLJPR44-3XL,524,,0,,0,,0
JOPLJPR44-4XL,418,,0,,0,,0
JOPLJPR44-5XL,133,,0,,0,,0
JOPLJPR44-6XL,292,,0,,0,,0
JOPLJPR44-L,569,,0,,0,,0
JOPLJPR44-M,532,,0,,0,,0
JOPLJPR44-S,198,,0,,0,,0
JOPLJPR44-XL,655,,0,,0,,0
JOPLJPR44-XXL,479,,0,,0,,0
JOPLJPR5001-L,1,,0,,0,,0
JOPLJPR5001-M,13,,0,,0,,0
JOPLJPR5001-S,16,,0,,0,,0
JOPLJPR5001-XL,10,,0,,0,,0
JOPLJPR5001-XS,22,,0,,0,,0
JOPLJPR5001-XXL,18,,0,,0,,0
JOPLJPR5002-L,11,,0,,0,,0
JOPLJPR5002-M,12,,0,,0,,0
JOPLJPR5002-S,24,,0,,0,,0
JOPLJPR5002-XL,19,,0,,0,,0
JOPLJPR5002-XS,11,,0,,0,,0
JOPLJPR5003-L,8,,0,,0,,0
JOPLJPR5003-M,5,,0,,0,,0
JOPLJPR5003-S,18,,0,,0,,0
JOPLJPR5003-XL,1,,0,,0,,0
JOPLJPR5003-XS,29,,0,,0,,0
JOPLJPR5003-XXL,9,,0,,0,,0
JOPLJPR5004-L,8,,0,,0,,0
JOPLJPR5004-M,1,,0,,0,,0
JOPLJPR5004-XL,1,,0,,0,,0
JOPLJPR5004-XS,1,,0,,0,,0
JOPLJPR5006-L,11,,0,,0,,0
JOPLJPR5006-M,18,,0,,0,,0
JOPLJPR5006-S,14,,0,,0,,0
JOPLJPR5006-XL,21,,0,,0,,0
JOPLJPR5006-XS,21,,0,,0,,0
JOPLJPR5006-XXL,22,,0,,0,,0
JOPLJPR5007-M,1,,0,,0,,0
JOPLJPR5007-S,11,,0,,0,,0
JOPLJPR5007-XL,4,,0,,0,,0
JOPLJPR5007-XS,2,,0,,0,,0
JOPLJPR5007-XXL,2,,0,,0,,0
JOPLJPR503-XXL,7,,0,,0,,0
JOPLJPR508-S,1,,0,,0,,0
JOPLJPR509-M,4,,0,,0,,0
JOPLJPR509-S,7,,0,,0,,0
JOPLJPR509-XXL,1,,0,,0,,0
JOPLJPR513-L,100,,0,,0,,0
JOPLJPR513-M,71,,0,,0,,0
JOPLJPR513-S,56,,0,,0,,0
JOPLJPR513-XL,88,,0,,0,,0
JOPLJPR513-XXL,55,,0,,0,,0
JOPLJPR514-S,2,,0,,0,,0
JOPLJPR514-XL,1,,0,,0,,0
JOPLJPR515-L,9,,0,,0,,0
JOPLJPR515-S,88,,0,,0,,0
JOPLJPR515-XL,8,,0,,0,,0
JOPLJPR515-XXL,7,,0,,0,,0
JOPLJPR516-S,5,,0,,0,,0
JOPLJPR516-XL,3,,0,,0,,0
JOPLJPR517-L,1,,0,,0,,0
JOPLJPR517-S,8,,0,,0,,0
JOPLJPR518-L,84,,0,,0,,0
JOPLJPR518-M,89,,0,,0,,0
JOPLJPR518-S,27,,0,,0,,0
JOPLJPR518-XL,62,,0,,0,,0
JOPLJPR518-XXL,94,,0,,0,,0
JOPLJPR520-M,21,,0,,0,,0
JOPLJPR520-S,7,,0,,0,,0
JOPLJPR520-XL,3,,0,,0,,0
JOPLJPR521-L,3,,0,,0,,0
JOPLJPR521-M,1,,0,,0,,0
JOPLJPR521-XL,5,,0,,0,,0
JOPLJPR521-XXL,2,,0,,0,,0
JOPLJPR522-L,2,,0,,0,,0
JOPLJPR523-M,4,,0,,0,,0
JOPLJPR523-S,2,,0,,0,,0
JOPLJPR57-M,4,,0,,0,,0
JOPLJPR58-L,3,,0,,0,,0
JOPLJPR58-S,9,,0,,0,,0
JOPLJPR601-XL,9,,0,,0,,0
JOPLJPR601-XXL,2,,0,,0,,0
JOPLJPR603-S,2,,0,,0,,0
JOPLJPR604-M,1,,0,,0,,0
JOPLJPR61-3XL,1,,0,,0,,0
JOPLJPR61-M,1,,0,,0,,0
JOPLJPR61-XXL,2,,0,,0,,0
JOPLJPR68A-3XL,1,,0,,0,,0
JOPLJPR68A-5XL,20,,0,,0,,0
JOPLJPR68A-6XL,55,,0,,0,,0
JOPLJPR68A-L,2,,0,,0,,0
JOPLJPR68A-S,30,,0,,0,,0
JOPLJPR68A-XL,1,,0,,0,,0
JOPLJPR68B-5XL,72,,0,,0,,0
JOPLJPR68B-6XL,77,,0,,0,,0
JOPLJPR68B-S,1,,0,,0,,0
JOPLJPR68C-3XL,16,,0,,0,,0
JOPLJPR68C-4XL,7,,0,,0,,0
JOPLJPR68C-5XL,65,,0,,0,,0
JOPLJPR68C-6XL,43,,0,,0,,0
JOPLJPR68C-M,10,,0,,0,,0
JOPLJPR68C-S,75,,0,,0,,0
JOPLJPR68C-XL,15,,0,,0,,0
JOPLJPR68D-3XL,1,,0,,0,,0
JOPLJPR68D-5XL,1,,0,,0,,0
JOPLJPR68D-S,2,,0,,0,,0
JOPLJPR68D-XL,2,,0,,0,,0
JOPLJPR69A-3XL,9,,0,,0,,0
JOPLJPR69A-5XL,40,,0,,0,,0
JOPLJPR69A-6XL,23,,0,,0,,0
JOPLJPR69A-M,33,,0,,0,,0
JOPLJPR69A-S,46,,0,,0,,0
JOPLJPR69A-XL,4,,0,,0,,0
JOPLJPR69B-L,17,,0,,0,,0
JOPLJPR69B-M,38,,0,,0,,0
JOPLJPR69B-S,90,,0,,0,,0
JOPLJPR69B-XL,9,,0,,0,,0
JOPLJPR69B-XXL,5,,0,,0,,0
JOPLJPR69C-L,10,,0,,0,,0
JOPLJPR69C-M,19,,0,,0,,0
JOPLJPR69C-S,27,,0,,0,,0
JOPLJPR69C-XL,1,,0,,0,,0
JOPLJPR69C-XXL,3,,0,,0,,0
JOPLJPR69D-5XL,9,,0,,0,,0
JOPLJPR69D-6XL,9,,0,,0,,0
JOPLJPR69D-L,1,,0,,0,,0
JOPLJPR69D-M,72,,0,,0,,0
JOPLJPR69D-S,39,,0,,0,,0
JOPLJPR69D-XL,5,,0,,0,,0
JOPLJPR7001-XL,1,,0,,0,,0
JOPLJPR7001-XS,2,,0,,0,,0
JOPLJPR7002-L,1,,0,,0,,0
JOPLJPR7003-XL,2,,0,,0,,0
JOPLJPR7004-L,23,,0,,0,,0
JOPLJPR7004-M,45,,0,,0,,0
JOPLJPR7004-S,50,,0,,0,,0
JOPLJPR7004-XL,36,,0,,0,,0
JOPLJPR7004-XS,41,,0,,0,,0
JOPLJPR7004-XXL,51,,0,,0,,0
JOPLJPR7006-L,70,,0,,0,,0
JOPLJPR7006-M,1,,0,,0,,0
JOPLJPR7006-S,105,,0,,0,,0
JOPLJPR7006-XL,27,,0,,0,,0
JOPLJPR7006-XXL,9,,0,,0,,0
JOPLJPR7007-L,2,,0,,0,,0
JOPLJPR7007-M,3,,0,,0,,0
JOPLJPR7007-XL,14,,0,,0,,0
JOPLJPR7007-XS,24,,0,,0,,0
JOPLJPR7007-XXL,11,,0,,0,,0
JOPLJPR7012-L,19,,0,,0,,0
JOPLJPR7012-M,12,,0,,0,,0
JOPLJPR7012-S,17,,0,,0,,0
JOPLJPR7012-XL,30,,0,,0,,0
JOPLJPR7012-XS,35,,0,,0,,0
JOPLJPR7012-XXL,35,,0,,0,,0
JOPLJPR7013-L,2,,0,,0,,0
JOPLJPR7013-M,1,,0,,0,,0
JOPLJPR7013-S,6,,0,,0,,0
JOPLJPR7013-XL,14,,0,,0,,0
JOPLJPR7013-XS,4,,0,,0,,0
JOPLJPR7013-XXL,20,,0,,0,,0
JOPLJPR7014-XXL,7,,0,,0,,0
JOPLJPR7015-L,59,,0,,0,,0
JOPLJPR7015-M,21,,0,,0,,0
JOPLJPR7015-S,34,,0,,0,,0
JOPLJPR7015-XL,63,,0,,0,,0
JOPLJPR7015-XS,62,,0,,0,,0
JOPLJPR7015-XXL,81,,0,,0,,0
JOPLJPR7016-M,1,,0,,0,,0
JOPLJPR7016-S,44,,0,,0,,0
JOPLJPR7016-XL,2,,0,,0,,0
JOPLJPR7016-XS,50,,0,,0,,0
JOPLJPR7016-XXL,14,,0,,0,,0
JOPLJPR7017-L,73,,0,,0,,0
JOPLJPR7017-M,69,,0,,0,,0
JOPLJPR7017-S,80,,0,,0,,0
JOPLJPR7017-XL,90,,0,,0,,0
JOPLJPR7017-XS,58,,0,,0,,0
JOPLJPR7017-XXL,78,,0,,0,,0
JOPLJPR7018-L,83,,0,,0,,0
JOPLJPR7018-M,78,,0,,0,,0
JOPLJPR7018-S,29,,0,,0,,0
JOPLJPR7018-XL,79,,0,,0,,0
JOPLJPR7018-XS,94,,0,,0,,0
JOPLJPR7018-XXL,83,,0,,0,,0
JOPLJPR7019-L,86,,0,,0,,0
JOPLJPR7019-M,65,,0,,0,,0
JOPLJPR7019-S,50,,0,,0,,0
JOPLJPR7019-XL,93,,0,,0,,0
JOPLJPR7019-XS,109,,0,,0,,0
JOPLJPR7019-XXL,79,,0,,0,,0
JOPLJPR7020-L,10,,0,,0,,0
JOPLJPR7020-S,5,,0,,0,,0
JOPLJPR7020-XS,41,,0,,0,,0
JOPLJPR7020-XXL,10,,0,,0,,0
JOPLJPR7021-L,25,,0,,0,,0
JOPLJPR7021-M,3,,0,,0,,0
JOPLJPR7021-S,52,,0,,0,,0
JOPLJPR7021-XL,56,,0,,0,,0
JOPLJPR7021-XS,51,,0,,0,,0
JOPLJPR7021-XXL,86,,0,,0,,0
JOPLJPR7022-L,69,,0,,0,,0
JOPLJPR7022-M,70,,0,,0,,0
JOPLJPR7022-S,86,,0,,0,,0
JOPLJPR7022-XL,74,,0,,0,,0
JOPLJPR7022-XS,68,,0,,0,,0
JOPLJPR7022-XXL,60,,0,,0,,0
JOPLJPR7023-XL,6,,0,,0,,0
JOPLJPR7023-XXL,14,,0,,0,,0
JOPLJPR702-L,1,,0,,0,,0
JOPLJPR702-XL,1,,0,,0,,0
JOPLJPR703-3XL,25,,0,,0,,0
JOPLJPR7036-L,4,,0,,0,,0
JOPLJPR7036-M,1,,0,,0,,0
JOPLJPR7036-S,9,,0,,0,,0
JOPLJPR7036-XL,13,,0,,0,,0
JOPLJPR7036-XS,16,,0,,0,,0
JOPLJPR7036-XXL,16,,0,,0,,0
JOPLJPR7037-L,1,,0,,0,,0
JOPLJPR7037-S,18,,0,,0,,0
JOPLJPR7037-XL,17,,0,,0,,0
JOPLJPR7037-XS,21,,0,,0,,0
JOPLJPR7037-XXL,16,,0,,0,,0
JOPLJPR7038-L,14,,0,,0,,0
JOPLJPR7038-M,19,,0,,0,,0
JOPLJPR7038-S,33,,0,,0,,0
JOPLJPR7038-XL,20,,0,,0,,0
JOPLJPR7038-XS,25,,0,,0,,0
JOPLJPR7038-XXL,27,,0,,0,,0
JOPLJPR7039-L,1,,0,,0,,0
JOPLJPR7039-XL,2,,0,,0,,0
JOPLJPR7039-XXL,4,,0,,0,,0
JOPLJPR703-L,20,,0,,0,,0
JOPLJPR703-M,7,,0,,0,,0
JOPLJPR703-S,5,,0,,0,,0
JOPLJPR703-XL,2,,0,,0,,0
JOPLJPR703-XS,4,,0,,0,,0
JOPLJPR703-XXL,19,,0,,0,,0
JOPLJPR7040-XXL,9,,0,,0,,0
JOPLJPR7041-S,1,,0,,0,,0
JOPLJPR7041-XL,2,,0,,0,,0
JOPLJPR7041-XS,2,,0,,0,,0
JOPLJPR7041-XXL,1,,0,,0,,0
JOPLJPR7042-L,5,,0,,0,,0
JOPLJPR7042-M,6,,0,,0,,0
JOPLJPR7042-S,2,,0,,0,,0
JOPLJPR7042-XL,9,,0,,0,,0
JOPLJPR7042-XS,10,,0,,0,,0
JOPLJPR7042-XXL,3,,0,,0,,0
JOPLJPR7043-XL,2,,0,,0,,0
JOPLJPR7043-XXL,1,,0,,0,,0
JOPLJPR705-L,10,,0,,0,,0
JOPLJPR705-M,22,,0,,0,,0
JOPLJPR705-S,36,,0,,0,,0
JOPLJPR705-XL,25,,0,,0,,0
JOPLJPR705-XS,28,,0,,0,,0
JOPLJPR705-XXL,20,,0,,0,,0
JOPLJPR706-3XL,31,,0,,0,,0
JOPLJPR706-4XL,1,,0,,0,,0
JOPLJPR706-L,755,,0,,0,,0
JOPLJPR706-M,499,,0,,0,,0
JOPLJPR706-S,467,,0,,0,,0
JOPLJPR706-XL,441,,0,,0,,0
JOPLJPR706-XS,161,,0,,0,,0
JOPLJPR706-XXL,283,,0,,0,,0
JOPLJPR707-L,18,,0,,0,,0
JOPLJPR707-S,57,,0,,0,,0
JOPLJPR707-XS,21,,0,,0,,0
JOPLJPR707-XXL,40,,0,,0,,0
JOPLJPR708-L,69,,0,,0,,0
JOPLJPR708-M,31,,0,,0,,0
JOPLJPR708-S,59,,0,,0,,0
JOPLJPR708-XL,66,,0,,0,,0
JOPLJPR708-XS,104,,0,,0,,0
JOPLJPR708-XXL,94,,0,,0,,0
JOPLJPR709-L,99,,0,,0,,0
JOPLJPR709-M,84,,0,,0,,0
JOPLJPR709-S,135,,0,,0,,0
JOPLJPR709-XL,118,,0,,0,,0
JOPLJPR709-XS,114,,0,,0,,0
JOPLJPR709-XXL,112,,0,,0,,0
JOPLJPR711-L,108,,0,,0,,0
JOPLJPR711-M,130,,0,,0,,0
JOPLJPR711-S,157,,0,,0,,0
JOPLJPR711-XL,95,,0,,0,,0
JOPLJPR711-XS,134,,0,,0,,0
JOPLJPR711-XXL,88,,0,,0,,0
JOPLJPR712-S,5,,0,,0,,0
JOPLJPR712-XL,7,,0,,0,,0
JOPLJPR712-XS,31,,0,,0,,0
JOPLJPR713-L,52,,0,,0,,0
JOPLJPR713-M,30,,0,,0,,0
JOPLJPR713-XL,3,,0,,0,,0
JOPLJPR713-XS,20,,0,,0,,0
JOPLJPR713-XXL,45,,0,,0,,0
JOPLJPR714-L,291,,0,,0,,0
JOPLJPR714-M,365,,0,,0,,0
JOPLJPR714-S,232,,0,,0,,0
JOPLJPR714-XL,401,,0,,0,,0
JOPLJPR714-XS,187,,0,,0,,0
JOPLJPR714-XXL,213,,0,,0,,0
JOPLJPR715-XL,2,,0,,0,,0
JOPLJPR716-L,8,,0,,0,,0
JOPLJPR716-S,47,,0,,0,,0
JOPLJPR716-XL,21,,0,,0,,0
JOPLJPR716-XS,32,,0,,0,,0
JOPLJPR716-XXL,31,,0,,0,,0
JOPLJPR718-L,65,,0,,0,,0
JOPLJPR718-M,72,,0,,0,,0
JOPLJPR718-S,97,,0,,0,,0
JOPLJPR718-XL,40,,0,,0,,0
JOPLJPR718-XXL,35,,0,,0,,0
JOPLJPR719-XXL,3,,0,,0,,0
JOPLJPR722-M,1,,0,,0,,0
JOPLJPR722-S,1,,0,,0,,0
JOPLJPR722-XS,22,,0,,0,,0
JOPLJPR722-XXL,21,,0,,0,,0
JOPLJPR723-M,3,,0,,0,,0
JOPLJPR724-XS,1,,0,,0,,0
JOPLJPR725-XL,2,,0,,0,,0
JOPLJPR725-XS,14,,0,,0,,0
JOPLJPR726-L,14,,0,,0,,0
JOPLJPR726-M,36,,0,,0,,0
JOPLJPR726-S,12,,0,,0,,0
JOPLJPR727-S,1,,0,,0,,0
JOPLJPR727-XS,27,,0,,0,,0
JOPLJPR728-S,1,,0,,0,,0
JOPLJPR728-XS,13,,0,,0,,0
JOPLJPR729-XL,2,,0,,0,,0
JOPLJPR730-M,1,,0,,0,,0
JOPLJPR730-S,29,,0,,0,,0
JOPLJPR730-XS,73,,0,,0,,0
JOPLJPR730-XXL,5,,0,,0,,0
JOPLJPR733-L,20,,0,,0,,0
JOPLJPR733-M,25,,0,,0,,0
JOPLJPR733-S,24,,0,,0,,0
JOPLJPR733-XL,27,,0,,0,,0
JOPLJPR733-XS,21,,0,,0,,0
JOPLJPR733-XXL,32,,0,,0,,0
JOPLJPR734-S,1,,0,,0,,0
JOPLJPR734-XL,17,,0,,0,,0
JOPLJPR734-XXL,68,,0,,0,,0
JOPLJPR735-L,29,,0,,0,,0
JOPLJPR735-M,7,,0,,0,,0
JOPLJPR735-S,40,,0,,0,,0
JOPLJPR735-XL,41,,0,,0,,0
JOPLJPR735-XS,34,,0,,0,,0
JOPLJPR735-XXL,12,,0,,0,,0
JOPLJPR737-L,15,,0,,0,,0
JOPLJPR737-M,25,,0,,0,,0
JOPLJPR737-S,32,,0,,0,,0
JOPLJPR737-XL,6,,0,,0,,0
JOPLJPR737-XS,33,,0,,0,,0
JOPLJPR737-XXL,46,,0,,0,,0
JOPLJPR738-L,11,,0,,0,,0
JOPLJPR738-M,2,,0,,0,,0
JOPLJPR738-S,42,,0,,0,,0
JOPLJPR738-XL,3,,0,,0,,0
JOPLJPR738-XS,23,,0,,0,,0
JOPLJPR739-L,334,,0,,0,,0
JOPLJPR739-M,225,,0,,0,,0
JOPLJPR739-S,288,,0,,0,,0
JOPLJPR739-XL,252,,0,,0,,0
JOPLJPR739-XS,284,,0,,0,,0
JOPLJPR739-XXL,243,,0,,0,,0
JOPLJPR740-L,49,,0,,0,,0
JOPLJPR740-S,3,,0,,0,,0
JOPLJPR740-XL,46,,0,,0,,0
JOPLJPR740-XS,25,,0,,0,,0
JOPLJPR740-XXL,21,,0,,0,,0
JOPLJPR741-L,61,,0,,0,,0
JOPLJPR741-M,11,,0,,0,,0
JOPLJPR741-S,154,,0,,0,,0
JOPLJPR741-XL,43,,0,,0,,0
JOPLJPR741-XS,89,,0,,0,,0
JOPLJPR741-XXL,56,,0,,0,,0
JOPLJPR742-XL,90,,0,,0,,0
JOPLJPR742-XXL,17,,0,,0,,0
JOPLJPR745-S,3,,0,,0,,0
JOPLJPR745-XL,4,,0,,0,,0
JOPLJPR745-XS,26,,0,,0,,0
JOPLJPR745-XXL,44,,0,,0,,0
JOPLJPR746-XL,4,,0,,0,,0
JOPLJPR746-XXL,2,,0,,0,,0
JOPLJPR747-L,1,,0,,0,,0
JOPLJPR747-M,2,,0,,0,,0
JOPLJPR747-XL,6,,0,,0,,0
JOPLJPR747-XXL,11,,0,,0,,0
JOPLJPR749-XS,2,,0,,0,,0
JOPLJPR749-XXL,1,,0,,0,,0
JOPLJPR750-L,107,,0,,0,,0
JOPLJPR750-M,71,,0,,0,,0
JOPLJPR750-S,80,,0,,0,,0
JOPLJPR750-XL,22,,0,,0,,0
JOPLJPR750-XS,75,,0,,0,,0
JOPLJPR750-XXL,34,,0,,0,,0
JOPLJPR751-L,73,,0,,0,,0
JOPLJPR751-M,106,,0,,0,,0
JOPLJPR751-S,54,,0,,0,,0
JOPLJPR751-XL,84,,0,,0,,0
JOPLJPR751-XS,31,,0,,0,,0
JOPLJPR751-XXL,35,,0,,0,,0
JOPLJPR752-L,7,,0,,0,,0
JOPLJPR752-M,31,,0,,0,,0
JOPLJPR752-S,17,,0,,0,,0
JOPLJPR752-XL,62,,0,,0,,0
JOPLJPR752-XS,23,,0,,0,,0
JOPLJPR752-XXL,33,,0,,0,,0
JOPLJPR753-L,17,,0,,0,,0
JOPLJPR753-M,46,,0,,0,,0
JOPLJPR753-S,44,,0,,0,,0
JOPLJPR753-XL,37,,0,,0,,0
JOPLJPR753-XS,47,,0,,0,,0
JOPLJPR753-XXL,47,,0,,0,,0
JOPLJPR755-L,18,,0,,0,,0
JOPLJPR755-S,10,,0,,0,,0
JOPLJPR755-XL,10,,0,,0,,0
JOPLJPR755-XS,18,,0,,0,,0
JOPLJPR755-XXL,20,,0,,0,,0
JOPLJPR757-L,80,,0,,0,,0
JOPLJPR757-M,65,,0,,0,,0
JOPLJPR757-S,64,,0,,0,,0
JOPLJPR757-XL,72,,0,,0,,0
JOPLJPR757-XS,61,,0,,0,,0
JOPLJPR757-XXL,79,,0,,0,,0
JOPLJPR758-L,1,,0,,0,,0
JOPLJPR758-S,1,,0,,0,,0
JOPLJPR758-XL,4,,0,,0,,0
JOPLJPR761-XXL,12,,0,,0,,0
JOPLJPR762-L,1,,0,,0,,0
JOPLJPR762-S,1,,0,,0,,0
JOPLJPR762-XL,4,,0,,0,,0
JOPLJPR762-XXL,20,,0,,0,,0
JOPLJPR763-S,128,,0,,0,,0
JOPLJPR763-XL,65,,0,,0,,0
JOPLJPR763-XS,14,,0,,0,,0
JOPLJPR763-XXL,46,,0,,0,,0
JOPLJPR764-S,5,,0,,0,,0
JOPLJPR764-XL,4,,0,,0,,0
JOPLJPR764-XS,15,,0,,0,,0
JOPLJPR764-XXL,16,,0,,0,,0
JOPLJPR765-L,67,,0,,0,,0
JOPLJPR765-M,33,,0,,0,,0
JOPLJPR765-S,53,,0,,0,,0
JOPLJPR765-XL,44,,0,,0,,0
JOPLJPR765-XS,50,,0,,0,,0
JOPLJPR765-XXL,41,,0,,0,,0
JOPLJPR767-M,2,,0,,0,,0
JOPLJPR767-XL,10,,0,,0,,0
JOPLJPR767-XXL,29,,0,,0,,0
JOPLJPR770-S,4,,0,,0,,0
JOPLJPR770-XXL,1,,0,,0,,0
JOPLJPR771-L,23,,0,,0,,0
JOPLJPR771-M,15,,0,,0,,0
JOPLJPR771-S,31,,0,,0,,0
JOPLJPR771-XL,30,,0,,0,,0
JOPLJPR771-XS,27,,0,,0,,0
JOPLJPR771-XXL,29,,0,,0,,0
JOPLJPR772-L,19,,0,,0,,0
JOPLJPR772-M,10,,0,,0,,0
JOPLJPR772-S,21,,0,,0,,0
JOPLJPR772-XL,21,,0,,0,,0
JOPLJPR772-XS,18,,0,,0,,0
JOPLJPR772-XXL,36,,0,,0,,0
JOPLJPR773-S,11,,0,,0,,0
JOPLJPR773-XL,62,,0,,0,,0
JOPLJPR773-XS,46,,0,,0,,0
JOPLJPR773-XXL,53,,0,,0,,0
JOPLJPR775-XS,8,,0,,0,,0
JOPLJPR775-XXL,4,,0,,0,,0
JOPLJPR778-L,59,,0,,0,,0
JOPLJPR778-M,8,,0,,0,,0
JOPLJPR778-S,70,,0,,0,,0
JOPLJPR778-XL,56,,0,,0,,0
JOPLJPR778-XS,96,,0,,0,,0
JOPLJPR778-XXL,81,,0,,0,,0
JOPLJPR779-L,18,,0,,0,,0
JOPLJPR779-S,12,,0,,0,,0
JOPLJPR779-XL,59,,0,,0,,0
JOPLJPR779-XXL,55,,0,,0,,0
JOPLJPR77-L,1,,0,,0,,0
JOPLJPR77-S,37,,0,,0,,0
JOPLJPR780-L,69,,0,,0,,0
JOPLJPR780-M,61,,0,,0,,0
JOPLJPR780-S,79,,0,,0,,0
JOPLJPR780-XL,76,,0,,0,,0
JOPLJPR780-XS,85,,0,,0,,0
JOPLJPR780-XXL,68,,0,,0,,0
JOPLJPR782-XS,2,,0,,0,,0
JOPLJPR783-L,9,,0,,0,,0
JOPLJPR783-M,3,,0,,0,,0
JOPLJPR783-S,8,,0,,0,,0
JOPLJPR783-XL,2,,0,,0,,0
JOPLJPR783-XS,21,,0,,0,,0
JOPLJPR783-XXL,16,,0,,0,,0
JOPLJPR784-S,14,,0,,0,,0
JOPLJPR784-XL,16,,0,,0,,0
JOPLJPR784-XS,25,,0,,0,,0
JOPLJPR784-XXL,25,,0,,0,,0
JOPLJPR785-XS,3,,0,,0,,0
JOPLJPR786-L,7,,0,,0,,0
JOPLJPR786-M,7,,0,,0,,0
JOPLJPR786-S,25,,0,,0,,0
JOPLJPR786-XL,62,,0,,0,,0
JOPLJPR786-XS,55,,0,,0,,0
JOPLJPR786-XXL,37,,0,,0,,0
JOPLJPR787-L,4,,0,,0,,0
JOPLJPR787-XL,14,,0,,0,,0
JOPLJPR787-XXL,29,,0,,0,,0
JOPLJPR788-L,39,,0,,0,,0
JOPLJPR788-M,54,,0,,0,,0
JOPLJPR788-S,68,,0,,0,,0
JOPLJPR788-XL,72,,0,,0,,0
JOPLJPR788-XS,80,,0,,0,,0
JOPLJPR788-XXL,27,,0,,0,,0
JOPLJPR789-L,17,,0,,0,,0
JOPLJPR789-M,27,,0,,0,,0
JOPLJPR789-S,48,,0,,0,,0
JOPLJPR789-XL,43,,0,,0,,0
JOPLJPR789-XS,82,,0,,0,,0
JOPLJPR789-XXL,44,,0,,0,,0
JOPLJPR790-L,22,,0,,0,,0
JOPLJPR790-M,15,,0,,0,,0
JOPLJPR790-S,31,,0,,0,,0
JOPLJPR790-XL,27,,0,,0,,0
JOPLJPR790-XS,37,,0,,0,,0
JOPLJPR790-XXL,37,,0,,0,,0
JOPLJPR791-XXL,4,,0,,0,,0
JOPLJPR792-S,1,,0,,0,,0
JOPLJPR792-XL,2,,0,,0,,0
JOPLJPR792-XXL,1,,0,,0,,0
JOPLJPR794-M,1,,0,,0,,0
JOPLJPR794-S,3,,0,,0,,0
JOPLJPR794-XXL,7,,0,,0,,0
JOPLJPR801-3XL,49,,0,,0,,0
JOPLJPR801-4XL,39,,0,,0,,0
JOPLJPR801-5XL,28,,0,,0,,0
JOPLJPR801-6XL,20,,0,,0,,0
JOPLJPR801-L,53,,0,,0,,0
JOPLJPR801-M,101,,0,,0,,0
JOPLJPR801-S,104,,0,,0,,0
JOPLJPR801-XL,83,,0,,0,,0
JOPLJPR801-XXL,67,,0,,0,,0
JOPLJPR807-3XL,7,,0,,0,,0
JOPLJPR807-4XL,7,,0,,0,,0
JOPLJPR807-L,3,,0,,0,,0
JOPLJPR807-M,3,,0,,0,,0
JOPLJPR812-M,2,,0,,0,,0
JOPLJPR813-L,1,,0,,0,,0
JOPLJPR818-M,1,,0,,0,,0
JOPLJPR820A-M,10,,0,,0,,0
JOPLJPR820-M,1,,0,,0,,0
JOPLJPR823-M,1,,0,,0,,0
JOPLJPR823-S,2,,0,,0,,0
JOPLJPR829-M,1,,0,,0,,0
JOPLJPR82B-S,3,,0,,0,,0
JOPLJPR830-L,4,,0,,0,,0
JOPLJPR830-M,2,,0,,0,,0
JOPLJPR830-XXL,7,,0,,0,,0
JOPLJPR831-M,1,,0,,0,,0
JOPLJPR83-3XL,148,,0,,0,,0
JOPLJPR83-4XL,23,,0,,0,,0
JOPLJPR835-L,2,,0,,0,,0
JOPLJPR835-S,2,,0,,0,,0
JOPLJPR83-5XL,36,,0,,0,,0
JOPLJPR83-6XL,22,,0,,0,,0
JOPLJPR83-L,60,,0,,0,,0
JOPLJPR83-M,145,,0,,0,,0
JOPLJPR83-S,68,,0,,0,,0
JOPLJPR83-XL,161,,0,,0,,0
JOPLJPR83-XXL,61,,0,,0,,0
JOPLJPR841-L,20,,0,,0,,0
JOPLJPR841-M,10,,0,,0,,0
JOPLJPR841-S,29,,0,,0,,0
JOPLJPR841-XL,54,,0,,0,,0
JOPLJPR841-XXL,56,,0,,0,,0
JOPLJPR842-L,38,,0,,0,,0
JOPLJPR842-M,24,,0,,0,,0
JOPLJPR842-XL,38,,0,,0,,0
JOPLJPR842-XXL,24,,0,,0,,0
JOPLJPR846-L,1,,0,,0,,0
JOPLJPR848-XL,1,,0,,0,,0
JOPLJPR849-L,42,,0,,0,,0
JOPLJPR849-M,49,,0,,0,,0
JOPLJPR849-S,27,,0,,0,,0
JOPLJPR849-XL,38,,0,,0,,0
JOPLJPR849-XXL,40,,0,,0,,0
JOPLJPR850-L,1,,0,,0,,0
JOPLJPR850-S,19,,0,,0,,0
JOPLJPR850-XL,2,,0,,0,,0
JOPLJPR851-3XL,6,,0,,0,,0
JOPLJPR851-M,1,,0,,0,,0
JOPLJPR851-S,2,,0,,0,,0
JOPLJPR851-XXL,25,,0,,0,,0
JOPLJPR852-M,3,,0,,0,,0
JOPLJPR852-S,16,,0,,0,,0
JOPLJPR852-XL,3,,0,,0,,0
JOPLJPR853-M,3,,0,,0,,0
JOPLJPR85-3XL,2,,0,,0,,0
JOPLJPR858-M,1,,0,,0,,0
JOPLJPR858-S,2,,0,,0,,0
JOPLJPR85-L,28,,0,,0,,0
JOPLJPR85-M,20,,0,,0,,0
JOPLJPR85-S,5,,0,,0,,0
JOPLJPR85-XXL,21,,0,,0,,0
JOPLJPR860-M,1,,0,,0,,0
JOPLJPR860-S,3,,0,,0,,0
JOPLJPR860-XL,1,,0,,0,,0
JOPLJPR864-L,2,,0,,0,,0
JOPLJPR864-S,1,,0,,0,,0
JOPLJPR865-L,15,,0,,0,,0
JOPLJPR865-M,15,,0,,0,,0
JOPLJPR865-S,7,,0,,0,,0
JOPLJPR865-XL,21,,0,,0,,0
JOPLJPR865-XXL,7,,0,,0,,0
JOPLJPR867-S,1,,0,,0,,0
JOPLJPR868-L,3,,0,,0,,0
JOPLJPR868-M,6,,0,,0,,0
JOPLJPR868-S,3,,0,,0,,0
JOPLJPR868-XL,1,,0,,0,,0
JOPLJPR868-XXL,8,,0,,0,,0
JOPLJPR869-L,41,,0,,0,,0
JOPLJPR869-M,39,,0,,0,,0
JOPLJPR869-S,40,,0,,0,,0
JOPLJPR869-XL,42,,0,,0,,0
JOPLJPR869-XXL,38,,0,,0,,0
JOPLJPR870-L,40,,0,,0,,0
JOPLJPR870-M,40,,0,,0,,0
JOPLJPR870-S,40,,0,,0,,0
JOPLJPR870-XL,35,,0,,0,,0
JOPLJPR870-XXL,45,,0,,0,,0
JOPLJPR89-3XL,92,,0,,0,,0
JOPLJPR89-4XL,69,,0,,0,,0
JOPLJPR89-5XL,27,,0,,0,,0
JOPLJPR89-6XL,27,,0,,0,,0
JOPLJPR89-L,100,,0,,0,,0
JOPLJPR89-M,121,,0,,0,,0
JOPLJPR89-S,86,,0,,0,,0
JOPLJPR89-XL,47,,0,,0,,0
JOPLJPR89-XXL,39,,0,,0,,0
JOPLJPR99-L,1,,0,,0,,0
JOPLJPR99-M,20,,0,,0,,0
JOPLJPR99-XL,18,,0,,0,,0
JOPLJPR99-XXL,14,,0,,0,,0
JOPLKS08-M,1,,0,,0,,0
JOPLLT2002,2,,0,,0,,0
JOPLLT2010,2,,0,,0,,0
JOPLLT2017,17,,0,,0,,0
JOPLLT2018,7,,0,,0,,0
JOPLLT7033,2,,0,,0,,0
JOPLLT7059,10,,0,,0,,0
JOPLLTRW2002-6XL,1,,0,,0,,0
JOPLLTRW2002-S,17,,0,,0,,0
JOPLLTRW2004-S,1,,0,,0,,0
JOPLLTRW2007-3XL,48,,0,,0,,0
JOPLLTRW2007-5XL,68,,0,,0,,0
JOPLLTRW2007-6XL,104,,0,,0,,0
JOPLLTRW2007-7XL,104,,0,,0,,0
JOPLLTRW2007-9XL,35,,0,,0,,0
JOPLLTRW2007-L,35,,0,,0,,0
JOPLLTRW2007-M,63,,0,,0,,0
JOPLLTRW2007-S,4,,0,,0,,0
JOPLLTRW2007-XL,107,,0,,0,,0
JOPLLTRW2007-XXL,224,,0,,0,,0
JOPLLTRW2013-M,1,,0,,0,,0
JOPLLTRW2015-10XL,125,,0,,0,,0
JOPLLTRW2015-3XL,18,,0,,0,,0
JOPLLTRW2015-6XL,7,,0,,0,,0
JOPLLTRW2015-7XL,16,,0,,0,,0
JOPLLTRW2015-8XL,79,,0,,0,,0
JOPLLTRW2015-9XL,1,,0,,0,,0
JOPLLTRW2015-L,51,,0,,0,,0
JOPLLTRW2015-M,250,,0,,0,,0
JOPLLTRW2015-S,20,,0,,0,,0
JOPLLTRW2015-XL,8,,0,,0,,0
JOPLLTRW2015-XXL,117,,0,,0,,0
JOPLLTRW2016-10XL,5,,0,,0,,0
JOPLLTRW2016-3XL,1,,0,,0,,0
JOPLLTRW2016-4XL,16,,0,,0,,0
JOPLLTRW2016-9XL,2,,0,,0,,0
JOPLLTRW2016-M,11,,0,,0,,0
JOPLLTRW2016-S,4,,0,,0,,0
JOPLLTRW2016-XL,6,,0,,0,,0
JOPLLTRW2017-10XL,1,,0,,0,,0
JOPLLTRW2017-3XL,130,,0,,0,,0
JOPLLTRW2017-4XL,1,,0,,0,,0
JOPLLTRW2017-L,158,,0,,0,,0
JOPLLTRW2017-M,80,,0,,0,,0
JOPLLTRW2017-S,62,,0,,0,,0
JOPLLTRW2017-XL,132,,0,,0,,0
JOPLLTRW2017-XXL,4,,0,,0,,0
JOPLLTRW2018-L,11,,0,,0,,0
JOPLLTRW2018-M,5,,0,,0,,0
JOPLLTRW2018-XL,12,,0,,0,,0
JOPLLTRW2022-M,2,,0,,0,,0
JOPLLTRW2022-S,2,,0,,0,,0
JOPLLTRW2023-M,1,,0,,0,,0
JOPLLTRW2023-XXL,2,,0,,0,,0
JOPLLTRW2024-5XL,1,,0,,0,,0
JOPLLTRW2024-6XL,1,,0,,0,,0
JOPLLTRW2024-S,13,,0,,0,,0
JOPLLTRW2024-XL,2,,0,,0,,0
JOPLMF2223,79,,0,,0,,0
JOPLMF2228,2,,0,,0,,0
JOPLMF904,31,,0,,0,,0
JOPLMSF912,2,,0,,0,,0
JOPLMSFRTW1509A-M,1,,0,,0,,0
JOPLMSFRTW1509B1-XXL,1,,0,,0,,0
JOPLMSFRTW1509B-M,1,,0,,0,,0
JOPLMSFRTW1515-6XL,1,,0,,0,,0
JOPLMSFRTW1515i-5XL,1,,0,,0,,0
JOPLMSFRTW1515i-M,1,,0,,0,,0
JOPLMSFRTW1515i-XXL,1,,0,,0,,0
JOPLMSFRTW1515-M,2,,0,,0,,0
JOPLMSFRTW1515-S,13,,0,,0,,0
JOPLMSFRTW6003-L,1,,0,,0,,0
JOPLMSFRTW6006-S,1,,0,,0,,0
JOPLMSFRTW6012-M,1,,0,,0,,0
JOPLNS4029C,41,,0,,0,,0
JOPLNS4029E,49,,0,,0,,0
JOPLNS4066B,49,,0,,0,,0
JOPLNS4066C,20,,0,,0,,0
JOPLNS4066D,7,,0,,0,,0
JOPLNS4066E,36,,0,,0,,0
JOPLNS4066H,33,,0,,0,,0
JOPLNS4068,24,,0,,0,,0
JOPLPDP1006,255,,0,,0,,0
JOPLPDP1013,15,,0,,0,,0
JOPLPDP1028,25,,0,,0,,0
JOPLPDP1057,7,,0,,0,,0
JOPLPDP1058,237,,0,,0,,0
JOPLPDP1091,3,,0,,0,,0
JOPLPDPRW1006-3XL,31,,0,,0,,0
JOPLPDPRW1006-4XL,75,,0,,0,,0
JOPLPDPRW1006-5XL,43,,0,,0,,0
JOPLPDPRW1006-6XL,4,,0,,0,,0
JOPLPDPRW1006-8XL,3,,0,,0,,0
JOPLPDPRW1006-9XL,34,,0,,0,,0
JOPLPDPRW1006-L,53,,0,,0,,0
JOPLPDPRW1006-M,25,,0,,0,,0
JOPLPDPRW1006-S,50,,0,,0,,0
JOPLPDPRW1006-XL,39,,0,,0,,0
JOPLPDPRW1006-XXL,21,,0,,0,,0
JOPLPDPRW1058-5XL,3,,0,,0,,0
JOPLPDPRW1058-6XL,37,,0,,0,,0
JOPLPDPRW1058-9XL,1,,0,,0,,0
JOPLPDPRW1058-M,41,,0,,0,,0
JOPLPDPRW1058-S,491,,0,,0,,0
JOPLPDPRW1058-XXL,1,,0,,0,,0
JOPLRJN03-S,1,,0,,0,,0
JOPLRJN04-M,4,,0,,0,,0
JOPLRJN05-M,2,,0,,0,,0
JOPLRJN08-M,2,,0,,0,,0
JOPLRJN08-S,13,,0,,0,,0
JOPLRJN08-XL,17,,0,,0,,0
JOPLRJN08-XXL,25,,0,,0,,0
JOPLRJN09-L,5,,0,,0,,0
JOPLRJN09-M,2,,0,,0,,0
JOPLRJN09-XL,6,,0,,0,,0
JOPLRJN10-L,6,,0,,0,,0
JOPLRJN10-S,3,,0,,0,,0
JOPLRJN10-XXL,3,,0,,0,,0
JOPLRJN11-S,3,,0,,0,,0
JOPLRJN12-L,4,,0,,0,,0
JOPLRJN12-M,9,,0,,0,,0
JOPLRJN12-S,3,,0,,0,,0
JOPLRJN12-XL,3,,0,,0,,0
JOPLRJN12-XXL,7,,0,,0,,0
JOPLRJN13-M,6,,0,,0,,0
JOPLRJN13-S,2,,0,,0,,0
JOPLRJN13-XL,4,,0,,0,,0
JOPLRJN13-XXL,2,,0,,0,,0
JOPLRJN14-L,1,,0,,0,,0
JOPLRJN14-XXL,4,,0,,0,,0
JOPLRJN15-L,4,,0,,0,,0
JOPLRJN15-M,9,,0,,0,,0
JOPLRJN15-S,6,,0,,0,,0
JOPLRJN15-XL,4,,0,,0,,0
JOPLRJN15-XXL,4,,0,,0,,0
JOPLRJN16-L,5,,0,,0,,0
JOPLRJN16-M,1,,0,,0,,0
JOPLRJN16-XL,1,,0,,0,,0
JOPLRJN17-L,2,,0,,0,,0
JOPLRJN17-M,15,,0,,0,,0
JOPLRJN17-S,8,,0,,0,,0
JOPLRJN17-XL,27,,0,,0,,0
JOPLRJN17-XXL,22,,0,,0,,0
JOPLRJN21-L,3,,0,,0,,0
JOPLRJN21-M,1,,0,,0,,0
JOPLRJN21-XL,3,,0,,0,,0
JOPLRJN21-XXL,3,,0,,0,,0
JOPLRP710,133,,0,,0,,0
JOPLRPP1004,4,,0,,0,,0
JOPLSRS1106K,17,,0,,0,,0
JOPLST03-M,1,,0,,0,,0
JOPLST11-XL,1,,0,,0,,0
JOPLST11-XXL,1,,0,,0,,0
JOPLST12-L,1,,0,,0,,0
JOPLST13-M,1,,0,,0,,0
JOPLST13-XL,2,,0,,0,,0
JOPLST14-L,10,,0,,0,,0
JOPLST14-S,2,,0,,0,,0
JOPLST14-XL,3,,0,,0,,0
JOPLST15-L,1,,0,,0,,0
JOPLST15-M,1,,0,,0,,0
JOPLST15-XL,1,,0,,0,,0
JOPLST201-L,74,,0,,0,,0
JOPLST201-M,84,,0,,0,,0
JOPLST201-S,92,,0,,0,,0
JOPLST202-M,2,,0,,0,,0
JOPLST202-XXL,4,,0,,0,,0
JOPLST203-L,1,,0,,0,,0
JOPLST203-S,2,,0,,0,,0
JOPLST205-M,1,,0,,0,,0
JOPLST206-M,1,,0,,0,,0
JOPLST209-S,1,,0,,0,,0
JOPLST216-M,1,,0,,0,,0
JOPLST216-S,29,,0,,0,,0
JOPLST217-M,7,,0,,0,,0
JOPLST218-3XL,39,,0,,0,,0
JOPLST218-4XL,196,,0,,0,,0
JOPLST218-L,59,,0,,0,,0
JOPLST218-M,68,,0,,0,,0
JOPLST218-S,110,,0,,0,,0
JOPLST219-S,6,,0,,0,,0
JOPLST220-M,1,,0,,0,,0
JOPLST220-S,3,,0,,0,,0
JOPLST221-M,1,,0,,0,,0
JOPLST221-S,15,,0,,0,,0
JOPLST222-M,7,,0,,0,,0
JOPLST222-S,4,,0,,0,,0
JOPLST222-XXL,1,,0,,0,,0
JOPLST223-M,1,,0,,0,,0
JOPLST223-XXL,1,,0,,0,,0
JOPLST225-S,34,,0,,0,,0
JOPLST226-L,20,,0,,0,,0
JOPLST226-M,19,,0,,0,,0
JOPLST226-S,37,,0,,0,,0
JOPLST226-XL,3,,0,,0,,0
JOPLST226-XXL,37,,0,,0,,0
JOPLST227-S,1,,0,,0,,0
JOPLST228-L,20,,0,,0,,0
JOPLST228-M,20,,0,,0,,0
JOPLST228-S,31,,0,,0,,0
JOPLST228-XL,38,,0,,0,,0
JOPLST228-XXL,24,,0,,0,,0
JOPLST229-M,1,,0,,0,,0
JOPLST229-S,40,,0,,0,,0
JOPLST230-L,1,,0,,0,,0
JOPLST230-M,1,,0,,0,,0
JOPLST230-S,3,,0,,0,,0
JOPLST230-XL,2,,0,,0,,0
JOPLST231-L,3,,0,,0,,0
JOPLST231-M,6,,0,,0,,0
JOPLST231-XL,1,,0,,0,,0
JOPLST231-XXL,1,,0,,0,,0
JOPLST233-S,1,,0,,0,,0
JOPLST234-XXL,2,,0,,0,,0
JOPLST235-M,1,,0,,0,,0
JOPLST238-M,1,,0,,0,,0
JOPLST240-L,2,,0,,0,,0
JOPLST240-M,5,,0,,0,,0
JOPLST240-S,1,,0,,0,,0
JOPLST241-M,1,,0,,0,,0
JOPLST242-3XL,35,,0,,0,,0
JOPLST242-4XL,1,,0,,0,,0
JOPLST242-5XL,13,,0,,0,,0
JOPLST242-6XL,27,,0,,0,,0
JOPLST242-L,93,,0,,0,,0
JOPLST242-M,34,,0,,0,,0
JOPLST242-S,12,,0,,0,,0
JOPLST242-XL,114,,0,,0,,0
JOPLST242-XXL,78,,0,,0,,0
JOPLST243-3XL,156,,0,,0,,0
JOPLST243-4XL,125,,0,,0,,0
JOPLST243-5XL,165,,0,,0,,0
JOPLST243-6XL,19,,0,,0,,0
JOPLST243-L,40,,0,,0,,0
JOPLST243-M,50,,0,,0,,0
JOPLST243-S,67,,0,,0,,0
JOPLST243-XL,52,,0,,0,,0
JOPLST243-XXL,165,,0,,0,,0
JOPLST244-M,2,,0,,0,,0
JOPLST244-S,6,,0,,0,,0
JOPLST245-S,1,,0,,0,,0
JOPLST246-S,1,,0,,0,,0
JOPLST247-M,3,,0,,0,,0
JOPLST247-XXL,1,,0,,0,,0
JOPLST248-M,4,,0,,0,,0
JOPLST248-XL,1,,0,,0,,0
JOPLST249-M,1,,0,,0,,0
JOPLST249-S,8,,0,,0,,0
JOPLST249-XL,1,,0,,0,,0
JOPLST249-XXL,2,,0,,0,,0
JOPLST256-L,13,,0,,0,,0
JOPLST256-M,9,,0,,0,,0
JOPLST256-S,10,,0,,0,,0
JOPLST256-XL,2,,0,,0,,0
JOPLST257-L,18,,0,,0,,0
JOPLST257-M,21,,0,,0,,0
JOPLST257-S,16,,0,,0,,0
JOPLST257-XL,8,,0,,0,,0
JOPLST257-XXL,11,,0,,0,,0
JOPLST258-L,3,,0,,0,,0
JOPLST258-M,6,,0,,0,,0
JOPLST258-S,11,,0,,0,,0
JOPLST258-XL,3,,0,,0,,0
JOPLST262-M,1,,0,,0,,0
JOPLST263-M,2,,0,,0,,0
JOPLST263-S,2,,0,,0,,0
JOPLST264-S,2,,0,,0,,0
JOPLST264-XXL,1,,0,,0,,0
JOPLST265-M,1,,0,,0,,0
JOPLST265-S,2,,0,,0,,0
JOPLST266-M,1,,0,,0,,0
JOPLST266-S,4,,0,,0,,0
JOPLST267-M,6,,0,,0,,0
JOPLST268-L,8,,0,,0,,0
JOPLST269-L,157,,0,,0,,0
JOPLST269-M,90,,0,,0,,0
JOPLST269-S,28,,0,,0,,0
JOPLST269-XXL,9,,0,,0,,0
JOPLST270-L,46,,0,,0,,0
JOPLST270-M,55,,0,,0,,0
JOPLST270-S,18,,0,,0,,0
JOPLST270-XL,3,,0,,0,,0
JOPLST270-XXL,7,,0,,0,,0
JOPLST271-L,3,,0,,0,,0
JOPLST271-M,3,,0,,0,,0
JOPLST271-S,21,,0,,0,,0
JOPLST271-XL,3,,0,,0,,0
JOPLST271-XXL,2,,0,,0,,0
JOPLST272-L,42,,0,,0,,0
JOPLST272-M,60,,0,,0,,0
JOPLST272-S,54,,0,,0,,0
JOPLST272-XL,44,,0,,0,,0
JOPLST272-XXL,36,,0,,0,,0
JOPLST273-L,48,,0,,0,,0
JOPLST273-M,17,,0,,0,,0
JOPLST273-S,31,,0,,0,,0
JOPLST273-XL,12,,0,,0,,0
JOPLST274-L,4,,0,,0,,0
JOPLST274-M,4,,0,,0,,0
JOPLST274-XL,2,,0,,0,,0
JOPLST275-M,1,,0,,0,,0
JOPLST276-L,16,,0,,0,,0
JOPLST276-M,45,,0,,0,,0
JOPLST276-S,60,,0,,0,,0
JOPLST276-XL,27,,0,,0,,0
JOPLST276-XXL,30,,0,,0,,0
JOPLST277-L,47,,0,,0,,0
JOPLST277-M,48,,0,,0,,0
JOPLST277-S,37,,0,,0,,0
JOPLST277-XL,75,,0,,0,,0
JOPLST277-XXL,75,,0,,0,,0
JOPLST283-L,50,,0,,0,,0
JOPLST283-M,21,,0,,0,,0
JOPLST283-S,24,,0,,0,,0
JOPLST283-XL,26,,0,,0,,0
JOPLST283-XXL,19,,0,,0,,0
JOPLST285-L,59,,0,,0,,0
JOPLST285-M,30,,0,,0,,0
JOPLST285-S,35,,0,,0,,0
JOPLST285-XL,50,,0,,0,,0
JOPLST285-XXL,55,,0,,0,,0
JOPLST503-XXL,2,,0,,0,,0
JOPLST504-XL,1,,0,,0,,0
JOPLST601-S,2,,0,,0,,0
JOPLST602-L,22,,0,,0,,0
JOPLST602-M,11,,0,,0,,0
JOPLST602-S,19,,0,,0,,0
JOPLST602-XL,6,,0,,0,,0
JOPLST602-XXL,1,,0,,0,,0
JOPLST603-L,3,,0,,0,,0
JOPLST603-M,13,,0,,0,,0
JOPLST603-S,1,,0,,0,,0
JOPLST603-XL,11,,0,,0,,0
JOPLST603-XXL,17,,0,,0,,0
JOPLST703-3XL,79,,0,,0,,0
JOPLST703-L,23,,0,,0,,0
JOPLST703-M,24,,0,,0,,0
JOPLST703-S,1,,0,,0,,0
JOPLST703-XL,37,,0,,0,,0
JOPLST703-XXL,100,,0,,0,,0
JOPLST712-L,1,,0,,0,,0
JOPLST712-XL,4,,0,,0,,0
JOPLST713-S,1,,0,,0,,0
JOPLST714-L,1,,0,,0,,0
JOPLST714-M,1,,0,,0,,0
JOPLST716-L,2,,0,,0,,0
JOPLST716-M,1,,0,,0,,0
JOPLST716-S,1,,0,,0,,0
JOPLST716-XL,1,,0,,0,,0
JOPLST719-XL,2,,0,,0,,0
JOPLST721-M,1,,0,,0,,0
JOPLST721-XL,1,,0,,0,,0
JOPLST722-XL,1,,0,,0,,0
JOPLST723-XXL,3,,0,,0,,0
JOPLST725-L,9,,0,,0,,0
JOPLST725-M,5,,0,,0,,0
JOPLST725-XL,2,,0,,0,,0
JOPLST726-M,1,,0,,0,,0
JOPLST726-S,2,,0,,0,,0
JOPLST727-S,4,,0,,0,,0
JOPLST728-L,1,,0,,0,,0
JOPLST728-M,2,,0,,0,,0
JOPLST728-S,23,,0,,0,,0
JOPLST728-XL,4,,0,,0,,0
JOPLST728-XXL,8,,0,,0,,0
JOPLST729-M,1,,0,,0,,0
JOPLST730-M,1,,0,,0,,0
JOPLST732-L,31,,0,,0,,0
JOPLST732-M,2,,0,,0,,0
JOPLST732-S,9,,0,,0,,0
JOPLST732-XL,35,,0,,0,,0
JOPLST732-XXL,33,,0,,0,,0
JOPLST733-3XL,2,,0,,0,,0
JOPLST733-S,1,,0,,0,,0
JOPLST733-XL,4,,0,,0,,0
JOPLST734-3XL,2,,0,,0,,0
JOPLST734-S,1,,0,,0,,0
JOPLST734-XL,5,,0,,0,,0
JOPLST735-3XL,2,,0,,0,,0
JOPLST735-XL,4,,0,,0,,0
JOPLST735-XXL,4,,0,,0,,0
JOPLST736-L,3,,0,,0,,0
JOPLST736-M,2,,0,,0,,0
JOPLST736-S,1,,0,,0,,0
JOPLST736-XL,1,,0,,0,,0
JOPLST737-3XL,1,,0,,0,,0
JOPLST737-XL,3,,0,,0,,0
JOPLST738-3XL,1,,0,,0,,0
JOPLST738-M,1,,0,,0,,0
JOPLST738-S,3,,0,,0,,0
JOPLST738-XL,1,,0,,0,,0
JOPLST739-S,3,,0,,0,,0
JOPLST739-XXL,3,,0,,0,,0
JOPLST740-XL,1,,0,,0,,0
JOPLST741-XL,1,,0,,0,,0
JOPLST742-XL,1,,0,,0,,0
JOPLST743-S,3,,0,,0,,0
JOPLST743-XL,1,,0,,0,,0
JOPLST744-M,8,,0,,0,,0
JOPLST744-S,3,,0,,0,,0
JOPLST744-XL,1,,0,,0,,0
JOPLST744-XXL,6,,0,,0,,0
JOPLVL109-S,2,,0,,0,,0
JOPLVL111C-M,1,,0,,0,,0
JOPLVL112-XL,1,,0,,0,,0
JOPLVL113B-S,1,,0,,0,,0
JOPLVL114-M,1,,0,,0,,0
JOPLVL114-S,2,,0,,0,,0
JOPLVL205-S,2,,0,,0,,0
JOPLVL207-S,1,,0,,0,,0
JOPLVL208-M,1,,0,,0,,0
JOPLVL210-M,1,,0,,0,,0
JOPLVL210-XXL,1,,0,,0,,0
JOPLVL212-S,2,,0,,0,,0
JOPLVL212-XL,1,,0,,0,,0
JOPLVL213-3XL,12,,0,,0,,0
JOPLVL213-4XL,1,,0,,0,,0
JOPLVL213-5XL,10,,0,,0,,0
JOPLVL213-6XL,1,,0,,0,,0
JOPLVL213-L,6,,0,,0,,0
JOPLVL213-M,7,,0,,0,,0
JOPLVL213-S,30,,0,,0,,0
JOPLVL213-XXL,24,,0,,0,,0
JOPLVL214-3XL,1,,0,,0,,0
JOPLVL214-6XL,1,,0,,0,,0
JOPLVL214-L,9,,0,,0,,0
JOPLVL214-M,19,,0,,0,,0
JOPLVL214-S,20,,0,,0,,0
JOPLVL214-XL,26,,0,,0,,0
JOPLVL214-XXL,34,,0,,0,,0
JOPLVL218-3XL,57,,0,,0,,0
JOPLVL218-4XL,4,,0,,0,,0
JOPLVL218-5XL,1,,0,,0,,0
JOPLVL218-6XL,4,,0,,0,,0
JOPLVL218-L,126,,0,,0,,0
JOPLVL218-M,178,,0,,0,,0
JOPLVL218-S,117,,0,,0,,0
JOPLVL218-XL,75,,0,,0,,0
JOPLVL218-XXL,98,,0,,0,,0
JOPLVL219-M,1,,0,,0,,0
JOPLVL223A-S,6,,0,,0,,0
JOPLVL224-4XL,1,,0,,0,,0
JOPLVL224-5XL,1,,0,,0,,0
JOPLVL224-S,3,,0,,0,,0
JOPLVL227-3XL,2,,0,,0,,0
JOPLVL227-5XL,1,,0,,0,,0
JOPLVL227-S,11,,0,,0,,0
JOPLVL230-L,2,,0,,0,,0
JOPLVL230-M,3,,0,,0,,0
JOPLVL231-XXL,1,,0,,0,,0
JOPLVL232-M,2,,0,,0,,0
JOPLVL234-M,1,,0,,0,,0
JOPLVL235-M,1,,0,,0,,0
JOPLVL238-M,3,,0,,0,,0
JOPLVL241A-3XL,27,,0,,0,,0
JOPLVL241A-5XL,1,,0,,0,,0
JOPLVL241A-L,72,,0,,0,,0
JOPLVL241A-M,43,,0,,0,,0
JOPLVL241A-S,51,,0,,0,,0
JOPLVL241A-XL,22,,0,,0,,0
JOPLVL241A-XXL,118,,0,,0,,0
JOPLVL241-S,3,,0,,0,,0
JOPLVL242-5XL,2,,0,,0,,0
JOPLVL242-M,1,,0,,0,,0
JOPLVL243-M,1,,0,,0,,0
JOPLVL244-M,1,,0,,0,,0
JOPLVL244-S,12,,0,,0,,0
JOPLVL245-L,62,,0,,0,,0
JOPLVL245-M,78,,0,,0,,0
JOPLVL245-S,27,,0,,0,,0
JOPLVL245-XL,64,,0,,0,,0
JOPLVL245-XXL,70,,0,,0,,0
JOPLVL248-6XL,1,,0,,0,,0
JOPLVL248-M,1,,0,,0,,0
JOPLVL248-S,2,,0,,0,,0
JOPLVL249A-M,2,,0,,0,,0
JOPLVL249B-M,1,,0,,0,,0
JOPLVL250-M,1,,0,,0,,0
JOPLVL259-L,17,,0,,0,,0
JOPLVL259-M,9,,0,,0,,0
JOPLVL259-S,25,,0,,0,,0
JOPLVL259-XL,7,,0,,0,,0
JOPLVL259-XXL,10,,0,,0,,0
JOPLVL261-M,1,,0,,0,,0
JOPLVL263-XL,1,,0,,0,,0
JOPLVL265-S,4,,0,,0,,0
JOPLVL267A-L,18,,0,,0,,0
JOPLVL267A-M,29,,0,,0,,0
JOPLVL267A-S,45,,0,,0,,0
JOPLVL267A-XL,15,,0,,0,,0
JOPLVL267A-XXL,10,,0,,0,,0
JOPLVL267B-L,34,,0,,0,,0
JOPLVL267B-M,48,,0,,0,,0
JOPLVL267B-S,66,,0,,0,,0
JOPLVL267B-XL,28,,0,,0,,0
JOPLVL267B-XXL,24,,0,,0,,0
JOPLVL269-S,1,,0,,0,,0
JOPLVL270-L,15,,0,,0,,0
JOPLVL270-M,24,,0,,0,,0
JOPLVL270-S,81,,0,,0,,0
JOPLVL270-XL,24,,0,,0,,0
JOPLVL270-XXL,25,,0,,0,,0
JOPLVL275-M,1,,0,,0,,0
JOPLVL275-S,1,,0,,0,,0
JOPLVL276-S,3,,0,,0,,0
JOPLVL279-XL,2,,0,,0,,0
JOPLVL281-M,2,,0,,0,,0
JOPLVL282-L,1,,0,,0,,0
JOPLVL282-M,2,,0,,0,,0
JOPLVL284B-L,11,,0,,0,,0
JOPLVL284B-M,16,,0,,0,,0
JOPLVL284B-S,63,,0,,0,,0
JOPLVL284B-XL,11,,0,,0,,0
JOPLVL286-M,4,,0,,0,,0
JOPLVL288-3XL,2,,0,,0,,0
JOPLVL288-4XL,9,,0,,0,,0
JOPLVL288-5XL,11,,0,,0,,0
JOPLVL288-M,6,,0,,0,,0
JOPLVL288-S,22,,0,,0,,0
JOPLVL295-3XL,1,,0,,0,,0
JOPLVL295-M,1,,0,,0,,0
JOPLVL296-M,21,,0,,0,,0
JOPLVL296-S,57,,0,,0,,0
JOPLVL296-XL,1,,0,,0,,0
JOPLVL300-S,1,,0,,0,,0
JOPLVL304-S,1,,0,,0,,0
JOPLVL305-3XL,2,,0,,0,,0
JOPLVL305-6XL,1,,0,,0,,0
JOPLVL305-M,3,,0,,0,,0
JOPLVL305-S,5,,0,,0,,0
JOPLVL307-L,1,,0,,0,,0
JOPLVL307-M,34,,0,,0,,0
JOPLVL307-S,23,,0,,0,,0
JOPLVL307-XL,6,,0,,0,,0
JOPLVL307-XXL,4,,0,,0,,0
JOPLVL310-6XL,3,,0,,0,,0
JOPLVL310-L,90,,0,,0,,0
JOPLVL310-M,60,,0,,0,,0
JOPLVL310-S,61,,0,,0,,0
JOPLVL310-XL,81,,0,,0,,0
JOPLVL312-S,5,,0,,0,,0
JOPLVL313-S,2,,0,,0,,0
JOPLVSM2013,8,,0,,0,,0
JOPLVSM3851,18,,0,,0,,0
JOPLVSM3988,182,,0,,0,,0
JOPLVSM4002J,119,,0,,0,,0
JOPLVSM4005J,372,,0,,0,,0
JOPLVSM4028,2,,0,,0,,0
JOPLVSM4031,42,,0,,0,,0
JOPLVSM4071,205,,0,,0,,0
JOPLVSM4078,145,,0,,0,,0
JOPLVSM4079,111,,0,,0,,0
JOPLVSM4082,424,,0,,0,,0
JOPLVSM4087,149,,0,,0,,0
JOPLVSM4088,60,,0,,0,,0
JOPLVSM4091,50,,0,,0,,0
JOPLVSM4093,396,,0,,0,,0
JOPLVSM4096,182,,0,,0,,0
JOPLVSM4097,123,,0,,0,,0
JOPLVSM4102,4,,0,,0,,0
JOPLVSM4114,90,,0,,0,,0
JOPLVSM4119,257,,0,,0,,0
JOPLVSM4125,155,,0,,0,,0
JOPLVSM4131,154,,0,,0,,0
JOPLVSM4132,108,,0,,0,,0
JOPLVSM4136,3,,0,,0,,0
JOPLVSM4138,1,,0,,0,,0
JOPLVSM4139,2,,0,,0,,0
JOPLVSM4145,5,,0,,0,,0
JOPLVSM4146,3,,0,,0,,0
JOPLVSM4147,98,,0,,0,,0
JOPLVSM4149,2,,0,,0,,0
JOPLVSM4152,2,,0,,0,,0
JOPLVSM4156,1,,0,,0,,0
JOPLVSM4165,8,,0,,0,,0
JOPLVSM4182,1,,0,,0,,0
JOPLVSM4247,1,,0,,0,,0
JOPLVSM4250,107,,0,,0,,0
JOPLVSM4263,2,,0,,0,,0
JOPLVSM4271,2,,0,,0,,0
JOPLVSM4276,1,,0,,0,,0
JOPLVSM4277,3,,0,,0,,0
JOPLVSM4281,108,,0,,0,,0
JOPLVSM4285,1,,0,,0,,0
JOPLVSM4288,1,,0,,0,,0
JOPLVSM4294,17,,0,,0,,0
JOPLVSM5102,1,,0,,0,,0
JOPLVSM5106,3,,0,,0,,0
JOPLVSM5111,317,,0,,0,,0
JOPLVSM5112,471,,0,,0,,0
JOPLVSM5120,1,,0,,0,,0
JOPLVSM5122,2,,0,,0,,0
JOPLVSM5131,3,,0,,0,,0
JOPLVSM5140,14,,0,,0,,0
JOPLVSM5141,1,,0,,0,,0
JOPLVSM5145,1,,0,,0,,0
JOPLVSM5146,5,,0,,0,,0
JOPLVSM5147,1,,0,,0,,0
JOPLVSM5148,29,,0,,0,,0
JOPLVSM5151,3,,0,,0,,0
JOPLVSM5157,1,,0,,0,,0
JOPLVSM5161,1,,0,,0,,0
JOPLVSM5164,5,,0,,0,,0
JOPLVSM5169,1,,0,,0,,0
JOPLVSM5183,2,,0,,0,,0
JOPLVSM5186,5,,0,,0,,0
JOPLVSM5188,1,,0,,0,,0
JOPLVSM5189,4,,0,,0,,0
JOPLVSM5190,1,,0,,0,,0
JOPLVSM5192,2,,0,,0,,0
JOPLVSM5195,7,,0,,0,,0
JOPLVSM5203,1,,0,,0,,0
JOPLVSM5206,2,,0,,0,,0
JOPLVSM6101,1,,0,,0,,0
JOPLVSM6106,2,,0,,0,,0
JOPLVSM6108,1,,0,,0,,0
JOPLVSMRW2013-3XL,27,,0,,0,,0
JOPLVSMRW2013-4XL,29,,0,,0,,0
JOPLVSMRW2013-7XL,20,,0,,0,,0
JOPLVSMRW2013-8XL,16,,0,,0,,0
JOPLVSMRW2013-9XL,6,,0,,0,,0
JOPLVSMRW2013-S,9,,0,,0,,0
JOPLVSMRW2013-XXL,5,,0,,0,,0
JOPLVSMRW3988-10XL,24,,0,,0,,0
JOPLVSMRW3988-3XL,9,,0,,0,,0
JOPLVSMRW3988-4XL,79,,0,,0,,0
JOPLVSMRW3988-5XL,24,,0,,0,,0
JOPLVSMRW3988-6XL,28,,0,,0,,0
JOPLVSMRW3988-8XL,28,,0,,0,,0
JOPLVSMRW3988-9XL,2,,0,,0,,0
JOPLVSMRW3988-L,89,,0,,0,,0
JOPLVSMRW3988-XL,151,,0,,0,,0
JOPLVSMRW3988-XXL,103,,0,,0,,0
JOPLVSMRW4123-M,1,,0,,0,,0
JOPLVSMRW4132-10XL,1,,0,,0,,0
JOPLVSMRW4132-6XL,1,,0,,0,,0
JOPLVSMRW4132-9XL,1,,0,,0,,0
JOPLVSMRW4250-3XL,1,,0,,0,,0
JOPLVSMRW4250-L,35,,0,,0,,0
JOPLVSMRW4250-M,71,,0,,0,,0
JOPLVSMRW4250-S,1,,0,,0,,0
JOPLVSMRW4250-XL,95,,0,,0,,0
JOPLVSMRW4251-L,26,,0,,0,,0
JOPLVSMRW4251-M,53,,0,,0,,0
JOPLVSMRW4251-S,75,,0,,0,,0
JOPLVSMRW4267-8XL,1,,0,,0,,0
JOPLVSMRW4267-L,46,,0,,0,,0
JOPLVSMRW4267-S,70,,0,,0,,0
JOPLVSMRW4276-5XL,1,,0,,0,,0
JOPLVSMRW4276-6XL,2,,0,,0,,0
JOPLVSMRW4276-S,26,,0,,0,,0
JOPLVSMRW4276-XL,1,,0,,0,,0
JOPLVSMRW4277-5XL,1,,0,,0,,0
JOPLVSMRW4277-6XL,2,,0,,0,,0
JOPLVSMRW4277-M,10,,0,,0,,0
JOPLVSMRW4281-M,17,,0,,0,,0
JOPLVSMRW4281-S,14,,0,,0,,0
JOPLVSMRW4281-XL,38,,0,,0,,0
JOPLVSMRW4284-10XL,25,,0,,0,,0
JOPLVSMRW4284-4XL,4,,0,,0,,0
JOPLVSMRW4284-7XL,20,,0,,0,,0
JOPLVSMRW4284-8XL,81,,0,,0,,0
JOPLVSMRW4284-9XL,41,,0,,0,,0
JOPLVSMRW4284-S,13,,0,,0,,0
JOPLVSMRW5103-5XL,1,,0,,0,,0
JOPLVSMRW5103-M,2,,0,,0,,0
JOPLVSMRW5149-10XL,51,,0,,0,,0
JOPLVSMRW5149-3XL,16,,0,,0,,0
JOPLVSMRW5149-4XL,11,,0,,0,,0
JOPLVSMRW5149-5XL,7,,0,,0,,0
JOPLVSMRW5149-6XL,36,,0,,0,,0
JOPLVSMRW5149-7XL,14,,0,,0,,0
JOPLVSMRW5149-8XL,36,,0,,0,,0
JOPLVSMRW5149-9XL,61,,0,,0,,0
JOPLVSMRW5149-L,23,,0,,0,,0
JOPLVSMRW5149-M,33,,0,,0,,0
JOPLVSMRW5149-S,16,,0,,0,,0
JOPLVSMRW5149-XL,1,,0,,0,,0
JOPLVSMRW5149-XXL,45,,0,,0,,0
JOPLVSMRW5156-10XL,1,,0,,0,,0
JOPLVSMRW5156-4XL,6,,0,,0,,0
JOPLVSMRW5156-5XL,15,,0,,0,,0
JOPLVSMRW5156-6XL,1,,0,,0,,0
JOPLVSMRW5156-8XL,2,,0,,0,,0
JOPLVSMRW5156-9XL,31,,0,,0,,0
JOPLVSMRW5156-M,52,,0,,0,,0
JOPLVSMRW5156-S,43,,0,,0,,0
JOPLVSMRW5156-XL,1,,0,,0,,0
JOPLVSMRW5159-M,1,,0,,0,,0
JOPLVSMRW5160-10XL,45,,0,,0,,0
JOPLVSMRW5160-3XL,54,,0,,0,,0
JOPLVSMRW5160-4XL,49,,0,,0,,0
JOPLVSMRW5160-5XL,34,,0,,0,,0
JOPLVSMRW5160-6XL,60,,0,,0,,0
JOPLVSMRW5160-7XL,6,,0,,0,,0
JOPLVSMRW5160-9XL,17,,0,,0,,0
JOPLVSMRW5160-M,60,,0,,0,,0
JOPLVSMRW5160-S,3,,0,,0,,0
JOPLVSMRW5160-XL,149,,0,,0,,0
JOPLVSMRW5160-XXL,45,,0,,0,,0
JOPLVSMRW5164-5XL,2,,0,,0,,0
JOPLVSMRW5164-6XL,1,,0,,0,,0
JOPLVSMRW5164-M,1,,0,,0,,0
JOPLVSMRW5164-S,30,,0,,0,,0
JOPLVSRW1013-6XL,1,,0,,0,,0
JOPLVSRW1013-9XL,1,,0,,0,,0
JOPLVSRW1091-L,3,,0,,0,,0
JOPLVSRW1091-M,1,,0,,0,,0
JOPLVSRW1091-S,1,,0,,0,,0
JOPLVSRW1163-10XL,27,,0,,0,,0
JOPLVSRW1163-8XL,29,,0,,0,,0
JOPLVSRW1163-9XL,36,,0,,0,,0
JOPLVSRW1163-M,3,,0,,0,,0
JOPLVSRW1163-S,33,,0,,0,,0
JOPLVSRW1164-10XL,16,,0,,0,,0
JOPLVSRW1164-3XL,14,,0,,0,,0
JOPLVSRW1164-4XL,60,,0,,0,,0
JOPLVSRW1164-5XL,23,,0,,0,,0
JOPLVSRW1164-6XL,69,,0,,0,,0
JOPLVSRW1164-7XL,20,,0,,0,,0
JOPLVSRW1164-8XL,3,,0,,0,,0
JOPLVSRW1164-9XL,23,,0,,0,,0
JOPLVSRW1164-L,23,,0,,0,,0
JOPLVSRW1164-M,37,,0,,0,,0
JOPLVSRW1164-S,55,,0,,0,,0
JOPLVSRW1164-XL,9,,0,,0,,0
JOPLVSRW1164-XXL,76,,0,,0,,0
JOPLVSRW1167-10XL,13,,0,,0,,0
JOPLVSRW1167-3XL,1,,0,,0,,0
JOPLVSRW1167-6XL,2,,0,,0,,0
JOPLVSRW1167-8XL,26,,0,,0,,0
JOPLVSRW1167-9XL,25,,0,,0,,0
JOPLVSRW1167-M,1,,0,,0,,0
JOPLVSRW1167-S,3,,0,,0,,0
JOPLVSRW4002-L,5,,0,,0,,0
JOPLVSRW4002-S,13,,0,,0,,0
JOPLVSRW4002-XL,4,,0,,0,,0
JOPLVSRW4005-3XL,1,,0,,0,,0
JOPLVSRW4005-4XL,1,,0,,0,,0
JOPLVSRW4005-XXL,146,,0,,0,,0
JOPLVSRW4031-10XL,126,,0,,0,,0
JOPLVSRW4031-3XL,1,,0,,0,,0
JOPLVSRW4031-4XL,3,,0,,0,,0
JOPLVSRW4031-5XL,11,,0,,0,,0
JOPLVSRW4031-6XL,6,,0,,0,,0
JOPLVSRW4031-8XL,4,,0,,0,,0
JOPLVSRW4031-9XL,91,,0,,0,,0
JOPLVSRW4031-L,13,,0,,0,,0
JOPLVSRW4031-M,28,,0,,0,,0
JOPLVSRW4031-S,25,,0,,0,,0
JOPLVSRW4031-XL,61,,0,,0,,0
JOPLVSRW4031-XXL,16,,0,,0,,0
JOPLVSRW4079-10XL,75,,0,,0,,0
JOPLVSRW4079-5XL,7,,0,,0,,0
JOPLVSRW4079-6XL,2,,0,,0,,0
JOPLVSRW4079-7XL,3,,0,,0,,0
JOPLVSRW4079-8XL,7,,0,,0,,0
JOPLVSRW4079-9XL,97,,0,,0,,0
JOPLVSRW4079-XL,2,,0,,0,,0
JOPLVSRW4079-XXL,1,,0,,0,,0
JOPLVSRW4082-10XL,53,,0,,0,,0
JOPLVSRW4082-3XL,57,,0,,0,,0
JOPLVSRW4082-4XL,32,,0,,0,,0
JOPLVSRW4082-5XL,45,,0,,0,,0
JOPLVSRW4082-6XL,40,,0,,0,,0
JOPLVSRW4082-7XL,32,,0,,0,,0
JOPLVSRW4082-8XL,64,,0,,0,,0
JOPLVSRW4082-9XL,32,,0,,0,,0
JOPLVSRW4082-L,50,,0,,0,,0
JOPLVSRW4082-M,45,,0,,0,,0
JOPLVSRW4082-S,53,,0,,0,,0
JOPLVSRW4082-XL,58,,0,,0,,0
JOPLVSRW4082-XXL,55,,0,,0,,0
JOPLVSRW4088-10XL,127,,0,,0,,0
JOPLVSRW4088-5XL,1,,0,,0,,0
JOPLVSRW4088-6XL,8,,0,,0,,0
JOPLVSRW4088-8XL,34,,0,,0,,0
JOPLVSRW4088-9XL,62,,0,,0,,0
JOPLVSRW4088-L,1,,0,,0,,0
JOPLVSRW4088-M,6,,0,,0,,0
JOPLVSRW4088-S,6,,0,,0,,0
JOPLVSRW4091-9XL,1,,0,,0,,0
JOPLVSRW4093-10XL,23,,0,,0,,0
JOPLVSRW4093-3XL,100,,0,,0,,0
JOPLVSRW4093-4XL,95,,0,,0,,0
JOPLVSRW4093-5XL,70,,0,,0,,0
JOPLVSRW4093-6XL,65,,0,,0,,0
JOPLVSRW4093-7XL,64,,0,,0,,0
JOPLVSRW4093-8XL,35,,0,,0,,0
JOPLVSRW4093-9XL,7,,0,,0,,0
JOPLVSRW4093-L,42,,0,,0,,0
JOPLVSRW4093-M,88,,0,,0,,0
JOPLVSRW4093-S,41,,0,,0,,0
JOPLVSRW4093-XXL,189,,0,,0,,0
JOPLVSRW4096-9XL,1,,0,,0,,0
JOPLVSRW4097-3XL,26,,0,,0,,0
JOPLVSRW4097-L,19,,0,,0,,0
JOPLVSRW4097-M,34,,0,,0,,0
JOPLVSRW4097-S,98,,0,,0,,0
JOPLVSRW4097-XL,16,,0,,0,,0
JOPLVSRW4114-L,32,,0,,0,,0
JOPLVSRW4114-XXL,7,,0,,0,,0
JOPLVSRW4136-3XL,1,,0,,0,,0
JOPLVSRW4136-5XL,1,,0,,0,,0
JOPLVSRW4147-10XL,117,,0,,0,,0
JOPLVSRW4147-3XL,207,,0,,0,,0
JOPLVSRW4147-4XL,233,,0,,0,,0
JOPLVSRW4147-5XL,96,,0,,0,,0
JOPLVSRW4147-6XL,3,,0,,0,,0
JOPLVSRW4147-7XL,91,,0,,0,,0
JOPLVSRW4147-8XL,86,,0,,0,,0
JOPLVSRW4147-9XL,62,,0,,0,,0
JOPLVSRW4147-L,681,,0,,0,,0
JOPLVSRW4147-M,199,,0,,0,,0
JOPLVSRW4147-S,21,,0,,0,,0
JOPLVSRW4147-XL,204,,0,,0,,0
JOPLVSRW4147-XXL,274,,0,,0,,0
JOPLVSRW4181-M,1,,0,,0,,0
JOPLVSRW4181-S,5,,0,,0,,0
JOPLVSRW4182-M,3,,0,,0,,0
JOPLVSRW4183-M,1,,0,,0,,0
JOPLVSRW4184-6XL,1,,0,,0,,0
JOPLVSRW4199-6XL,1,,0,,0,,0
JOPLVSRW4199-M,2,,0,,0,,0
JOPLVSRW4199-S,2,,0,,0,,0
JOPLVSRW4222-6XL,1,,0,,0,,0
JOPLVSRW4269-4XL,2,,0,,0,,0
JOPLVSRW4278-6XL,1,,0,,0,,0
JOPLVSRW4286-10XL,3,,0,,0,,0
JOPLVSRW4286-3XL,67,,0,,0,,0
JOPLVSRW4286-9XL,31,,0,,0,,0
JOPLVSRW4286-L,5,,0,,0,,0
JOPLVSRW4286-S,5,,0,,0,,0
JOPLVSRW4286-XXL,6,,0,,0,,0
JOPLVSRW4288-10XL,38,,0,,0,,0
JOPLVSRW4288-3XL,40,,0,,0,,0
JOPLVSRW4288-4XL,4,,0,,0,,0
JOPLVSRW4288-5XL,3,,0,,0,,0
JOPLVSRW4288-6XL,47,,0,,0,,0
JOPLVSRW4288-7XL,25,,0,,0,,0
JOPLVSRW4288-8XL,32,,0,,0,,0
JOPLVSRW4288-9XL,57,,0,,0,,0
JOPLVSRW4288-L,28,,0,,0,,0
JOPLVSRW4288-M,40,,0,,0,,0
JOPLVSRW4288-S,58,,0,,0,,0
JOPLVSRW4288-XL,13,,0,,0,,0
JOPLVSRW4288-XXL,76,,0,,0,,0
JOPLVSRW4290-10XL,50,,0,,0,,0
JOPLVSRW4290-4XL,1,,0,,0,,0
JOPLVSRW4290-5XL,1,,0,,0,,0
JOPLVSRW4290-6XL,4,,0,,0,,0
JOPLVSRW4290-7XL,2,,0,,0,,0
JOPLVSRW4290-8XL,17,,0,,0,,0
JOPLVSRW4290-9XL,59,,0,,0,,0
JOPLVSRW4290-S,4,,0,,0,,0
JOPLVSRW4291-M,1,,0,,0,,0
JOPLVSRW4291-S,1,,0,,0,,0
JOPLVSRW4292-10XL,23,,0,,0,,0
JOPLVSRW4292-3XL,86,,0,,0,,0
JOPLVSRW4292-4XL,108,,0,,0,,0
JOPLVSRW4292-5XL,174,,0,,0,,0
JOPLVSRW4292-6XL,66,,0,,0,,0
JOPLVSRW4292-7XL,88,,0,,0,,0
JOPLVSRW4292-8XL,22,,0,,0,,0
JOPLVSRW4292-9XL,31,,0,,0,,0
JOPLVSRW4292-L,72,,0,,0,,0
JOPLVSRW4292-M,71,,0,,0,,0
JOPLVSRW4292-S,100,,0,,0,,0
JOPLVSRW4292-XL,153,,0,,0,,0
JOPLVSRW4292-XXL,145,,0,,0,,0
JOPLVSRW4293-M,1,,0,,0,,0
JOPLVSRW4294-5XL,1,,0,,0,,0
JOPLVSRW4294-M,2,,0,,0,,0
JOPLVSRW5117-M,1,,0,,0,,0
JOPLVSRW5122-10XL,1,,0,,0,,0
JOPLVSRW5163-5XL,1,,0,,0,,0
JOPLVSRW5163-S,2,,0,,0,,0
JOPLVSRW5169-S,1,,0,,0,,0
JOPLVSRW5171-10XL,20,,0,,0,,0
JOPLVSRW5171-3XL,41,,0,,0,,0
JOPLVSRW5171-4XL,23,,0,,0,,0
JOPLVSRW5171-5XL,16,,0,,0,,0
JOPLVSRW5171-6XL,17,,0,,0,,0
JOPLVSRW5171-7XL,29,,0,,0,,0
JOPLVSRW5171-8XL,28,,0,,0,,0
JOPLVSRW5171-9XL,6,,0,,0,,0
JOPLVSRW5171-M,44,,0,,0,,0
JOPLVSRW5171-S,40,,0,,0,,0
JOPLVSRW5171-XL,38,,0,,0,,0
JOPLVSRW5171-XXL,30,,0,,0,,0
JOPLVSRW5172-10XL,8,,0,,0,,0
JOPLVSRW5172-6XL,1,,0,,0,,0
JOPLVSRW5172-8XL,2,,0,,0,,0
JOPLVSRW5172-9XL,9,,0,,0,,0
JOPLVSRW5172-M,67,,0,,0,,0
JOPLVSRW5172-S,21,,0,,0,,0
JOPLVSRW5172-XXL,15,,0,,0,,0
JOPLVSRW5173-S,1,,0,,0,,0
JOPLVSRW5177-M,1,,0,,0,,0
JOPLVSRW5178-S,1,,0,,0,,0
JOPLVSRW5193-10XL,4,,0,,0,,0
JOPLVSRW5193-3XL,99,,0,,0,,0
JOPLVSRW5193-4XL,45,,0,,0,,0
JOPLVSRW5193-5XL,21,,0,,0,,0
JOPLVSRW5193-6XL,23,,0,,0,,0
JOPLVSRW5193-7XL,1,,0,,0,,0
JOPLVSRW5193-8XL,23,,0,,0,,0
JOPLVSRW5193-9XL,17,,0,,0,,0
JOPLVSRW5193-L,26,,0,,0,,0
JOPLVSRW5193-M,54,,0,,0,,0
JOPLVSRW5193-S,45,,0,,0,,0
JOPLVSRW5193-XL,21,,0,,0,,0
JOPLVSRW5193-XXL,48,,0,,0,,0
JOPLVSRW5202-10XL,119,,0,,0,,0
JOPLVSRW5202-5XL,3,,0,,0,,0
JOPLVSRW5202-6XL,1,,0,,0,,0
JOPLVSRW5202-7XL,27,,0,,0,,0
JOPLVSRW5202-8XL,103,,0,,0,,0
JOPLVSRW5202-9XL,122,,0,,0,,0
JOPLVSRW5202-XL,2,,0,,0,,0
JOPLVSRW5203-10XL,25,,0,,0,,0
JOPLVSRW5203-3XL,96,,0,,0,,0
JOPLVSRW5203-4XL,35,,0,,0,,0
JOPLVSRW5203-5XL,71,,0,,0,,0
JOPLVSRW5203-7XL,15,,0,,0,,0
JOPLVSRW5203-8XL,27,,0,,0,,0
JOPLVSRW5203-9XL,49,,0,,0,,0
JOPLVSRW5203-L,80,,0,,0,,0
JOPLVSRW5203-M,69,,0,,0,,0
JOPLVSRW5203-S,39,,0,,0,,0
JOPLVSRW5203-XL,80,,0,,0,,0
JOPLVSRW5203-XXL,75,,0,,0,,0
JOPLVSRW5204-3XL,2,,0,,0,,0
JOPLVSRW5204-L,13,,0,,0,,0
JOPLVSRW5204-M,7,,0,,0,,0
JOPLVSRW5204-S,53,,0,,0,,0
JOPLVSRW5205-10XL,16,,0,,0,,0
JOPLVSRW5205-3XL,16,,0,,0,,0
JOPLVSRW5205-4XL,2,,0,,0,,0
JOPLVSRW5205-5XL,5,,0,,0,,0
JOPLVSRW5205-6XL,1,,0,,0,,0
JOPLVSRW5205-7XL,20,,0,,0,,0
JOPLVSRW5205-8XL,18,,0,,0,,0
JOPLVSRW5205-L,45,,0,,0,,0
JOPLVSRW5205-S,64,,0,,0,,0
JOPLVSRW5205-XL,33,,0,,0,,0
JOPLVSRW5205-XXL,13,,0,,0,,0
JOPLVSRW5206-10XL,76,,0,,0,,0
JOPLVSRW5206-3XL,68,,0,,0,,0
JOPLVSRW5206-6XL,17,,0,,0,,0
JOPLVSRW5206-7XL,27,,0,,0,,0
JOPLVSRW5206-8XL,48,,0,,0,,0
JOPLVSRW5206-9XL,42,,0,,0,,0
JOPLVSRW5206-L,69,,0,,0,,0
JOPLVSRW5206-M,18,,0,,0,,0
JOPLVSRW5206-S,69,,0,,0,,0
JOPLVSRW5206-XL,86,,0,,0,,0
JOPLVSRW5206-XXL,39,,0,,0,,0
JOPLVSRW5207-10XL,1,,0,,0,,0
JOPLVSRW5207-5XL,1,,0,,0,,0
JOPLVSRW5207-8XL,18,,0,,0,,0
JOPLVSRW5207-9XL,48,,0,,0,,0
JOPLVSRW5207-M,1,,0,,0,,0
JOPLVSRW5207-S,1,,0,,0,,0
JOPLVSRW5208-10XL,10,,0,,0,,0
JOPLVSRW5208-7XL,1,,0,,0,,0
JOPLVSRW5208-8XL,17,,0,,0,,0
JOPLVSRW5208-9XL,41,,0,,0,,0
JOPLVSRW5208-S,71,,0,,0,,0
JOPLVSRW5209-10XL,5,,0,,0,,0
JOPLVSRW5209-7XL,2,,0,,0,,0
JOPLVSRW5209-8XL,20,,0,,0,,0
JOPLVSRW5209-9XL,44,,0,,0,,0
JOPLVSRW5209-S,23,,0,,0,,0
JOPLVSRW5210-10XL,48,,0,,0,,0
JOPLVSRW5210-4XL,29,,0,,0,,0
JOPLVSRW5210-5XL,54,,0,,0,,0
JOPLVSRW5210-6XL,47,,0,,0,,0
JOPLVSRW5210-7XL,15,,0,,0,,0
JOPLVSRW5210-8XL,51,,0,,0,,0
JOPLVSRW5210-9XL,54,,0,,0,,0
JOPLVSRW5210-S,57,,0,,0,,0
JOPLVSRW5211-10XL,5,,0,,0,,0
JOPLVSRW5211-4XL,6,,0,,0,,0
JOPLVSRW5211-5XL,1,,0,,0,,0
JOPLVSRW5211-6XL,1,,0,,0,,0
JOPLVSRW5211-9XL,1,,0,,0,,0
JOPLVSRW5211-XL,1,,0,,0,,0
JOPLVSRW5212-10XL,3,,0,,0,,0
JOPLVSRW5212-9XL,1,,0,,0,,0
JOPLVSRW5212-L,15,,0,,0,,0
JOPLVSRW5212-M,47,,0,,0,,0
JOPLVSRW5212-S,10,,0,,0,,0
JOPLVSRW5212-XL,4,,0,,0,,0
JOPLVSRW5212-XXL,5,,0,,0,,0
JOPLVSRW5213-10XL,1,,0,,0,,0
JOPLVSRW5213-4XL,2,,0,,0,,0
JOPLVSRW5213-S,10,,0,,0,,0
JOPLVSRW5214-L,1,,0,,0,,0
JOPLVSRW5214-S,4,,0,,0,,0
JOPLVSRW5215-10XL,1,,0,,0,,0
JOPLVSRW5215-3XL,5,,0,,0,,0
JOPLVSRW5215-5XL,1,,0,,0,,0
JOPLVSRW5215-6XL,3,,0,,0,,0
JOPLVSRW5215-8XL,4,,0,,0,,0
JOPLVSRW5215-9XL,1,,0,,0,,0
JOPLVSRW5215-M,1,,0,,0,,0
JOPLVSRW5216-10XL,25,,0,,0,,0
JOPLVSRW5216-3XL,5,,0,,0,,0
JOPLVSRW5216-6XL,1,,0,,0,,0
JOPLVSRW5216-9XL,31,,0,,0,,0
JOPLVSRW5217-4XL,2,,0,,0,,0
JOPLVSRW5217-5XL,1,,0,,0,,0
JOPLVSRW5217-6XL,2,,0,,0,,0
JOPLVSRW5217-9XL,3,,0,,0,,0
JOPLVSRW5217-L,2,,0,,0,,0
JOPLVSRW5217-S,3,,0,,0,,0
JOPLVSRW5217-XL,2,,0,,0,,0
JOPLVSRW5218-L,27,,0,,0,,0
JOPLVSRW5218-M,42,,0,,0,,0
JOPLVSRW5218-XL,25,,0,,0,,0
JOPLVSRW5219-10XL,1,,0,,0,,0
JOPLVSRW5219-3XL,103,,0,,0,,0
JOPLVSRW5219-4XL,103,,0,,0,,0
JOPLVSRW5219-5XL,94,,0,,0,,0
JOPLVSRW5219-6XL,132,,0,,0,,0
JOPLVSRW5219-7XL,49,,0,,0,,0
JOPLVSRW5219-8XL,44,,0,,0,,0
JOPLVSRW5219-9XL,46,,0,,0,,0
JOPLVSRW5219-L,54,,0,,0,,0
JOPLVSRW5219-M,71,,0,,0,,0
JOPLVSRW5219-S,67,,0,,0,,0
JOPLVSRW5219-XL,141,,0,,0,,0
JOPLVSRW5219-XXL,122,,0,,0,,0
JOPLVSRW5220-L,22,,0,,0,,0
JOPLVSRW5220-M,41,,0,,0,,0
JOPLVSRW5220-S,23,,0,,0,,0
JOPLVSRW5220-XL,2,,0,,0,,0
JOPLVSRW5222-3XL,3,,0,,0,,0
JOPLVSRW5222-6XL,1,,0,,0,,0
JOPLVSRW5222-L,28,,0,,0,,0
JOPLVSRW5222-XL,65,,0,,0,,0
JOPLVSRW5222-XXL,2,,0,,0,,0
JOPLVSRW5223-XXL,4,,0,,0,,0
JOPLVSRW5225-3XL,29,,0,,0,,0
JOPLVSRW5225-4XL,3,,0,,0,,0
JOPLVSRW5225-5XL,8,,0,,0,,0
JOPLVSRW5225-6XL,12,,0,,0,,0
JOPLVSRW5225-L,37,,0,,0,,0
JOPLVSRW5225-S,30,,0,,0,,0
JOPLVSRW5225-XL,37,,0,,0,,0
JOPLVSRW5225-XXL,19,,0,,0,,0
JOPLVSRW5226-3XL,1,,0,,0,,0
JOPLVSRW5226-5XL,1,,0,,0,,0
JOPLVSRW5226-6XL,2,,0,,0,,0
JOPLVSRW5227-3XL,60,,0,,0,,0
JOPLVSRW5227-4XL,126,,0,,0,,0
JOPLVSRW5227-6XL,17,,0,,0,,0
JOPLVSRW5227-L,29,,0,,0,,0
JOPLVSRW5227-M,29,,0,,0,,0
JOPLVSRW5227-S,55,,0,,0,,0
JOPLVSRW5227-XL,60,,0,,0,,0
JOPLVSRW5227-XXL,45,,0,,0,,0
JOPLVSRW5228-3XL,38,,0,,0,,0
JOPLVSRW5228-4XL,46,,0,,0,,0
JOPLVSRW5228-5XL,43,,0,,0,,0
JOPLVSRW5228-6XL,34,,0,,0,,0
JOPLVSRW5228-L,28,,0,,0,,0
JOPLVSRW5228-M,20,,0,,0,,0
JOPLVSRW5228-S,25,,0,,0,,0
JOPLVSRW5228-XL,50,,0,,0,,0
JOPLVSRW5228-XXL,50,,0,,0,,0
JOPLVSRW5229-3XL,62,,0,,0,,0
JOPLVSRW5229-5XL,38,,0,,0,,0
JOPLVSRW5229-6XL,26,,0,,0,,0
JOPLVSRW5229-L,30,,0,,0,,0
JOPLVSRW5229-M,57,,0,,0,,0
JOPLVSRW5229-S,29,,0,,0,,0
JOPLVSRW5229-XL,57,,0,,0,,0
JOPLVSRW5229-XXL,68,,0,,0,,0
JOPLVSRW5231-3XL,62,,0,,0,,0
JOPLVSRW5231-4XL,55,,0,,0,,0
JOPLVSRW5231-5XL,57,,0,,0,,0
JOPLVSRW5231-6XL,53,,0,,0,,0
JOPLVSRW5231-L,26,,0,,0,,0
JOPLVSRW5231-XL,57,,0,,0,,0
JOPLVSRW5231-XXL,57,,0,,0,,0
JOPLVSRW9001-S,2,,0,,0,,0
MRAWAT12002,1,,0,,0,,0
MRAWAT12005,1,,0,,0,,0
MRAWAT12006,1,,0,,0,,0
MRAWAT12009,1,,0,,0,,0
MRAWAT12010,1,,0,,0,,0
MRAWAT12015,1,,0,,0,,0
MRAWAT12019,1,,0,,0,,0
MRAWAT12020,1,,0,,0,,0
MRAWAT12021,1,,0,,0,,0
MRAWAT12025,1,,0,,0,,0
MRAWAT12026,1,,0,,0,,0
MRAWAT12027,1,,0,,0,,0
MRAWAT12029,1,,0,,0,,0
MRAWAT12031,1,,0,,0,,0
MRAWAT12033,1,,0,,0,,0
MRAWAT12034,1,,0,,0,,0
MRAWAT12036,1,,0,,0,,0
MRAWAT12037,1,,0,,0,,0
MRAWAT12038,1,,0,,0,,0
MRAWAT12039,1,,0,,0,,0
MRAWAT12040,1,,0,,0,,0
MRAWAT12044,1,,0,,0,,0
MRAWAT12045,1,,0,,0,,0
MRAWAT12047,1,,0,,0,,0
MRAWAT18001,1,,0,,0,,0
MRAWAT18005,1,,0,,0,,0
MRAWAT18007,1,,0,,0,,0
MRAWAT18011,1,,0,,0,,0
MRAWAT18012,1,,0,,0,,0
MRAWAT18015,1,,0,,0,,0
MRAWAT18022,1,,0,,0,,0
MRAWAT18023,1,,0,,0,,0
MRAWAT18031,1,,0,,0,,0
MRAWAT18032,1,,0,,0,,0
MRAWAT18034,1,,0,,0,,0
MRAWAT18035,1,,0,,0,,0
MRAWAT18038,1,,0,,0,,0
MRAWAT18039,1,,0,,0,,0
MRAWAT18040,1,,0,,0,,0
MRAWAT18042,1,,0,,0,,0
MRAWAT18052,1,,0,,0,,0
MRAWAT18053,1,,0,,0,,0
MRAWAT18054,1,,0,,0,,0
MRAWAT18060,1,,0,,0,,0
MRAWAT18061,1,,0,,0,,0
MRAWAT18062,1,,0,,0,,0
MRAWAT18063,1,,0,,0,,0
MRAWAT18064,1,,0,,0,,0
MRAWAT18065,1,,0,,0,,0
MRAWAT18071,1,,0,,0,,0
ROLY01A-L,34,,0,,0,,0
ROLY01A-M,33,,0,,0,,0
ROLY01A-S,34,,0,,0,,0
ROLY01A-XL,18,,0,,0,,0
ROLY01A-XS,61,,0,,0,,0
ROLY01B-L,28,,0,,0,,0
ROLY01B-M,14,,0,,0,,0
ROLY01B-S,28,,0,,0,,0
ROLY01B-XL,22,,0,,0,,0
ROLY01B-XS,58,,0,,0,,0
ROLY02A-L,35,,0,,0,,0
ROLY02A-S,28,,0,,0,,0
ROLY02A-XL,14,,0,,0,,0
ROLY02A-XS,40,,0,,0,,0
ROLY02A-XXL,21,,0,,0,,0
ROLY02B-S,26,,0,,0,,0
ROLY02B-XS,11,,0,,0,,0
ROLY03A-L,17,,0,,0,,0
ROLY03A-M,8,,0,,0,,0
ROLY03A-S,36,,0,,0,,0
ROLY03A-XL,9,,0,,0,,0
ROLY03A-XS,36,,0,,0,,0
ROLY03B-S,4,,0,,0,,0
ROLY03B-XS,50,,0,,0,,0
ROLY07A-L,40,,0,,0,,0
ROLY07A-M,33,,0,,0,,0
ROLY07A-S,42,,0,,0,,0
ROLY07A-XL,45,,0,,0,,0
ROLY07A-XS,60,,0,,0,,0
ROLY07A-XXL,2,,0,,0,,0
ROLY07B-L,14,,0,,0,,0
ROLY07B-M,17,,0,,0,,0
ROLY07B-S,28,,0,,0,,0
ROLY07B-XL,15,,0,,0,,0
ROLY07B-XS,44,,0,,0,,0
ROLY08A-L,32,,0,,0,,0
ROLY08A-M,28,,0,,0,,0
ROLY08A-S,26,,0,,0,,0
ROLY08A-XL,25,,0,,0,,0
ROLY08A-XS,54,,0,,0,,0
ROLY08A-XXL,46,,0,,0,,0
ROLY08B-L,57,,0,,0,,0
ROLY08B-M,53,,0,,0,,0
ROLY08B-S,56,,0,,0,,0
ROLY08B-XL,26,,0,,0,,0
ROLY08B-XS,59,,0,,0,,0
ROLY08B-XXL,43,,0,,0,,0
ROLY09A-L,63,,0,,0,,0
ROLY09A-M,39,,0,,0,,0
ROLY09A-S,69,,0,,0,,0
ROLY09A-XL,69,,0,,0,,0
ROLY09A-XS,69,,0,,0,,0
ROLY09A-XXL,31,,0,,0,,0
ROLY09B-L,52,,0,,0,,0
ROLY09B-M,53,,0,,0,,0
ROLY09B-S,36,,0,,0,,0
ROLY09B-XL,52,,0,,0,,0
ROLY09B-XS,60,,0,,0,,0
ROLY09B-XXL,39,,0,,0,,0
